mean_auc,std_auc,n_lags,featureset,optimized,target,method,run,n_features,n_samples
0.8399297170872827,0.05549752502949135,1,study_day,True,adherent,LogisticR,-1,8,7573
mean_auc,std_auc,n_lags,featureset,optimized,target,method,run,n_features,n_samples
0.8407141447746868,0.05381450800171034,1,study_day,True,adherent,RF,-1,8,7573
mean_auc,std_auc,n_lags,featureset,optimized,target,method,run,n_features,n_samples
0.8241287013663694,0.05943801997862722,1,study_day,True,adherent,SVM,-1,8,7573
mean_auc,std_auc,n_lags,featureset,optimized,target,method,run,n_features,n_samples
0.8066253325921275,0.05963277107329116,4,study_week,True,adherent,LogisticR,-1,34,982
mean_auc,std_auc,n_lags,featureset,optimized,target,method,run,n_features,n_samples
0.8112310852615513,0.058890743013965074,4,study_week,True,adherent,RF,-1,34,982
mean_auc,std_auc,n_lags,featureset,optimized,target,method,run,n_features,n_samples
0.8005979623287,0.0594889847383971,4,study_week,True,adherent,SVM,-1,34,982
mean_auc,std_auc,n_lags,featureset,optimized,target,method,run,n_features,n_samples
0.7703861236132141,0.10382661990223102,1,study_month,True,adherent,LogisticR,-1,10,241
mean_auc,std_auc,n_lags,featureset,optimized,target,method,run,n_features,n_samples
0.7970012090542264,0.0945941192857025,1,study_month,True,adherent,RF,-1,10,241
mean_auc,std_auc,n_lags,featureset,optimized,target,method,run,n_features,n_samples
0.7307782925558441,0.1719902213532031,1,study_month,True,adherent,SVM,-1,10,241
