train_accuracy,test_accuracy,test_precision,test_recall,test_f1_score,test_support,n_lags,featureset,optimized,target,method,run,n_features,n_samples
0.814268659356208,0.7815924996698799,0.7197759429835804,0.7489111546829472,0.7304374844835879,,1,study_day,True,adherent,LogisticR,0,8,7573
train_accuracy,test_accuracy,test_precision,test_recall,test_f1_score,test_support,n_lags,featureset,optimized,target,method,run,n_features,n_samples
0.8150203395825963,0.7924204410405388,0.7284180195230692,0.7449748968343486,0.7355862336597605,,1,study_day,True,adherent,LogisticR,1,8,7573
train_accuracy,test_accuracy,test_precision,test_recall,test_f1_score,test_support,n_lags,featureset,optimized,target,method,run,n_features,n_samples
0.813494870887867,0.8787798758748184,0.8702640556067052,0.7954089234440544,0.8230108722837621,,1,study_day,True,adherent,LogisticR,2,8,7573
train_accuracy,test_accuracy,test_precision,test_recall,test_f1_score,test_support,n_lags,featureset,optimized,target,method,run,n_features,n_samples
0.8148876901308808,0.8085303050310313,0.7480169435528892,0.7640254502615939,0.7551101740501107,,1,study_day,True,adherent,LogisticR,3,8,7573
train_accuracy,test_accuracy,test_precision,test_recall,test_f1_score,test_support,n_lags,featureset,optimized,target,method,run,n_features,n_samples
0.8125884329678104,0.8053611514591311,0.7437188026012198,0.7565673575344427,0.7495473158179377,,1,study_day,True,adherent,LogisticR,4,8,7573
train_accuracy,test_accuracy,test_precision,test_recall,test_f1_score,test_support,n_lags,featureset,optimized,target,method,run,n_features,n_samples
0.8139149274849664,0.7609930014525287,0.7138725808074141,0.7660971042834368,0.7236757648990308,,1,study_day,True,adherent,RF,0,8,7573
train_accuracy,test_accuracy,test_precision,test_recall,test_f1_score,test_support,n_lags,featureset,optimized,target,method,run,n_features,n_samples
0.8141360099044924,0.7973062194638848,0.7405644511588264,0.7792284092222452,0.7536491259189372,,1,study_day,True,adherent,RF,1,8,7573
train_accuracy,test_accuracy,test_precision,test_recall,test_f1_score,test_support,n_lags,featureset,optimized,target,method,run,n_features,n_samples
0.8125,0.7777631057705005,0.7248403554556058,0.7716481508892237,0.7371752398705871,,1,study_day,True,adherent,RF,2,8,7573
train_accuracy,test_accuracy,test_precision,test_recall,test_f1_score,test_support,n_lags,featureset,optimized,target,method,run,n_features,n_samples
0.8121904846126636,0.7188696685593556,0.6831812137759792,0.7354773159068928,0.6847314537771754,,1,study_day,True,adherent,RF,3,8,7573
train_accuracy,test_accuracy,test_precision,test_recall,test_f1_score,test_support,n_lags,featureset,optimized,target,method,run,n_features,n_samples
0.8118146444994694,0.7901756239271095,0.7330116713617696,0.7716991185090247,0.7457359495015643,,1,study_day,True,adherent,RF,4,8,7573
train_accuracy,test_accuracy,test_precision,test_recall,test_f1_score,test_support,n_lags,featureset,optimized,target,method,run,n_features,n_samples
0.8142244428723028,0.8591047141159383,0.8136643281493166,0.81441873964173,0.814040162849669,,1,study_day,True,adherent,SVM,0,8,7573
train_accuracy,test_accuracy,test_precision,test_recall,test_f1_score,test_support,n_lags,featureset,optimized,target,method,run,n_features,n_samples
0.8151972055182172,0.8618777234913508,0.8188461328909522,0.8128334439014246,0.8157558409341177,,1,study_day,True,adherent,SVM,1,8,7573
train_accuracy,test_accuracy,test_precision,test_recall,test_f1_score,test_support,n_lags,featureset,optimized,target,method,run,n_features,n_samples
0.813494870887867,0.8591047141159383,0.8136643281493166,0.81441873964173,0.814040162849669,,1,study_day,True,adherent,SVM,2,8,7573
train_accuracy,test_accuracy,test_precision,test_recall,test_f1_score,test_support,n_lags,featureset,optimized,target,method,run,n_features,n_samples
0.815042447824549,0.8591047141159383,0.8137943901468248,0.8139023814320814,0.8138483577508469,,1,study_day,True,adherent,SVM,3,8,7573
train_accuracy,test_accuracy,test_precision,test_recall,test_f1_score,test_support,n_lags,featureset,optimized,target,method,run,n_features,n_samples
0.8125884329678104,0.8591047141159383,0.8136643281493166,0.81441873964173,0.814040162849669,,1,study_day,True,adherent,SVM,4,8,7573
train_accuracy,test_accuracy,test_precision,test_recall,test_f1_score,test_support,n_lags,featureset,optimized,target,method,run,n_features,n_samples
0.7569320214669052,0.7525458248472505,0.750706588941883,0.7400859352863312,0.743026890931862,,4,study_week,True,adherent,LogisticR,0,34,982
train_accuracy,test_accuracy,test_precision,test_recall,test_f1_score,test_support,n_lags,featureset,optimized,target,method,run,n_features,n_samples
0.759391771019678,0.7535641547861507,0.7508193421634133,0.7424182832396587,0.7449963730948017,,4,study_week,True,adherent,LogisticR,1,34,982
train_accuracy,test_accuracy,test_precision,test_recall,test_f1_score,test_support,n_lags,featureset,optimized,target,method,run,n_features,n_samples
0.7515652951699463,0.7596741344195519,0.7592402212757625,0.7463471159661165,0.7497029942499687,,4,study_week,True,adherent,LogisticR,2,34,982
train_accuracy,test_accuracy,test_precision,test_recall,test_f1_score,test_support,n_lags,featureset,optimized,target,method,run,n_features,n_samples
0.7631932021466905,0.7617107942973523,0.7637438495000385,0.746410552447168,0.7502912334388148,,4,study_week,True,adherent,LogisticR,3,34,982
train_accuracy,test_accuracy,test_precision,test_recall,test_f1_score,test_support,n_lags,featureset,optimized,target,method,run,n_features,n_samples
0.7573792486583184,0.7566191446028513,0.7533991723754216,0.7465395399586394,0.7488235703316048,,4,study_week,True,adherent,LogisticR,4,34,982
train_accuracy,test_accuracy,test_precision,test_recall,test_f1_score,test_support,n_lags,featureset,optimized,target,method,run,n_features,n_samples
0.7631932021466905,0.7118126272912424,0.7084498834498834,0.7117848065398783,0.708973049957326,,4,study_week,True,adherent,RF,0,34,982
train_accuracy,test_accuracy,test_precision,test_recall,test_f1_score,test_support,n_lags,featureset,optimized,target,method,run,n_features,n_samples
0.7692307692307693,0.7046843177189409,0.6995893060152616,0.7012099451485894,0.7002075955550129,,4,study_week,True,adherent,RF,1,34,982
train_accuracy,test_accuracy,test_precision,test_recall,test_f1_score,test_support,n_lags,featureset,optimized,target,method,run,n_features,n_samples
0.761180679785331,0.6771894093686355,0.6754790130836157,0.6787851490968759,0.6749780478051459,,4,study_week,True,adherent,RF,2,34,982
train_accuracy,test_accuracy,test_precision,test_recall,test_f1_score,test_support,n_lags,featureset,optimized,target,method,run,n_features,n_samples
0.7678890876565295,0.6731160896130346,0.6714028358902836,0.6746321741373695,0.6708768244336021,,4,study_week,True,adherent,RF,3,34,982
train_accuracy,test_accuracy,test_precision,test_recall,test_f1_score,test_support,n_lags,featureset,optimized,target,method,run,n_features,n_samples
0.7683363148479427,0.7342158859470469,0.7304507704622774,0.7337634326748628,0.731259338481622,,4,study_week,True,adherent,RF,4,34,982
train_accuracy,test_accuracy,test_precision,test_recall,test_f1_score,test_support,n_lags,featureset,optimized,target,method,run,n_features,n_samples
0.7520125223613596,0.7627291242362525,0.7662326388888889,0.7464422706876938,0.7505481147143316,,4,study_week,True,adherent,SVM,0,34,982
train_accuracy,test_accuracy,test_precision,test_recall,test_f1_score,test_support,n_lags,featureset,optimized,target,method,run,n_features,n_samples
0.7873434704830053,0.7433808553971487,0.7420120349182133,0.7294476374139907,0.7325060532687652,,4,study_week,True,adherent,SVM,1,34,982
train_accuracy,test_accuracy,test_precision,test_recall,test_f1_score,test_support,n_lags,featureset,optimized,target,method,run,n_features,n_samples
0.7459749552772809,0.769857433808554,0.7761721660026746,0.7524158726533788,0.7569860541714846,,4,study_week,True,adherent,SVM,2,34,982
train_accuracy,test_accuracy,test_precision,test_recall,test_f1_score,test_support,n_lags,featureset,optimized,target,method,run,n_features,n_samples
0.7493291592128801,0.7576374745417516,0.7683114418658143,0.7367935819197571,0.7411266919208702,,4,study_week,True,adherent,SVM,3,34,982
train_accuracy,test_accuracy,test_precision,test_recall,test_f1_score,test_support,n_lags,featureset,optimized,target,method,run,n_features,n_samples
0.7822003577817531,0.745417515274949,0.7436957438778002,0.7320992823219443,0.7350780413688318,,4,study_week,True,adherent,SVM,4,34,982
train_accuracy,test_accuracy,test_precision,test_recall,test_f1_score,test_support,n_lags,featureset,optimized,target,method,run,n_features,n_samples
0.7985971943887775,0.7676348547717843,0.7751768033946251,0.7679752066115703,0.7661815661815661,,1,study_month,True,adherent,LogisticR,0,10,241
train_accuracy,test_accuracy,test_precision,test_recall,test_f1_score,test_support,n_lags,featureset,optimized,target,method,run,n_features,n_samples
0.8013698630136986,0.6721991701244814,0.6748249299719888,0.671935261707989,0.6707479463899698,,1,study_month,True,adherent,LogisticR,1,10,241
train_accuracy,test_accuracy,test_precision,test_recall,test_f1_score,test_support,n_lags,featureset,optimized,target,method,run,n_features,n_samples
0.7924710424710425,0.7800829875518672,0.7887943262411348,0.7804407713498622,0.7785579306877481,,1,study_month,True,adherent,LogisticR,2,10,241
train_accuracy,test_accuracy,test_precision,test_recall,test_f1_score,test_support,n_lags,featureset,optimized,target,method,run,n_features,n_samples
0.7982107355864811,0.6597510373443983,0.6601794340924776,0.6598484848484849,0.6596045197740112,,1,study_month,True,adherent,LogisticR,3,10,241
train_accuracy,test_accuracy,test_precision,test_recall,test_f1_score,test_support,n_lags,featureset,optimized,target,method,run,n_features,n_samples
0.799,0.6556016597510373,0.6684120617944147,0.6561639118457301,0.6494207546839126,,1,study_month,True,adherent,LogisticR,4,10,241
train_accuracy,test_accuracy,test_precision,test_recall,test_f1_score,test_support,n_lags,featureset,optimized,target,method,run,n_features,n_samples
0.7885771543086172,0.7925311203319502,0.7937983960176991,0.7926652892561983,0.7923559415494899,,1,study_month,True,adherent,RF,0,10,241
train_accuracy,test_accuracy,test_precision,test_recall,test_f1_score,test_support,n_lags,featureset,optimized,target,method,run,n_features,n_samples
0.7818003913894325,0.7966804979253111,0.7966942148760331,0.7966942148760331,0.7966804979253113,,1,study_month,True,adherent,RF,1,10,241
train_accuracy,test_accuracy,test_precision,test_recall,test_f1_score,test_support,n_lags,featureset,optimized,target,method,run,n_features,n_samples
0.7866795366795367,0.7759336099585062,0.7778239778239778,0.7761019283746556,0.7756206896551725,,1,study_month,True,adherent,RF,2,10,241
train_accuracy,test_accuracy,test_precision,test_recall,test_f1_score,test_support,n_lags,featureset,optimized,target,method,run,n_features,n_samples
0.7872763419483101,0.7717842323651453,0.7722413793103449,0.771866391184573,0.7717213467665547,,1,study_month,True,adherent,RF,3,10,241
train_accuracy,test_accuracy,test_precision,test_recall,test_f1_score,test_support,n_lags,featureset,optimized,target,method,run,n_features,n_samples
0.792,0.7883817427385892,0.7893355435833678,0.7884986225895316,0.7882504953053665,,1,study_month,True,adherent,RF,4,10,241
train_accuracy,test_accuracy,test_precision,test_recall,test_f1_score,test_support,n_lags,featureset,optimized,target,method,run,n_features,n_samples
0.7945891783567134,0.7925311203319502,0.7977240896358544,0.7928030303030302,0.7917242809734513,,1,study_month,True,adherent,SVM,0,10,241
train_accuracy,test_accuracy,test_precision,test_recall,test_f1_score,test_support,n_lags,featureset,optimized,target,method,run,n_features,n_samples
0.7935420743639922,0.7925311203319502,0.7977240896358544,0.7928030303030302,0.7917242809734513,,1,study_month,True,adherent,SVM,1,10,241
train_accuracy,test_accuracy,test_precision,test_recall,test_f1_score,test_support,n_lags,featureset,optimized,target,method,run,n_features,n_samples
0.7915057915057915,0.7925311203319502,0.7977240896358544,0.7928030303030302,0.7917242809734513,,1,study_month,True,adherent,SVM,2,10,241
train_accuracy,test_accuracy,test_precision,test_recall,test_f1_score,test_support,n_lags,featureset,optimized,target,method,run,n_features,n_samples
0.8061630218687873,0.7551867219917012,0.7556206896551725,0.7552685950413223,0.7551192628950314,,1,study_month,True,adherent,SVM,3,10,241
train_accuracy,test_accuracy,test_precision,test_recall,test_f1_score,test_support,n_lags,featureset,optimized,target,method,run,n_features,n_samples
0.793,0.7925311203319502,0.7977240896358544,0.7928030303030302,0.7917242809734513,,1,study_month,True,adherent,SVM,4,10,241
