mean_tpr,mean_fpr,n_lags,featureset,optimized,target,method,run,n_features,n_samples
0.0,0.0,1,study_day,True,adherent,LogisticR,-1,8,7573
0.0469472292458642,0.010101010101010102,1,study_day,True,adherent,LogisticR,-1,8,7573
0.0948694641975049,0.020202020202020204,1,study_day,True,adherent,LogisticR,-1,8,7573
0.14180074080266236,0.030303030303030304,1,study_day,True,adherent,LogisticR,-1,8,7573
0.1887828892622108,0.04040404040404041,1,study_day,True,adherent,LogisticR,-1,8,7573
0.23909559313433193,0.05050505050505051,1,study_day,True,adherent,LogisticR,-1,8,7573
0.2884695102870511,0.06060606060606061,1,study_day,True,adherent,LogisticR,-1,8,7573
0.33182952257012743,0.07070707070707072,1,study_day,True,adherent,LogisticR,-1,8,7573
0.3699547806059142,0.08080808080808081,1,study_day,True,adherent,LogisticR,-1,8,7573
0.4074637107252856,0.09090909090909091,1,study_day,True,adherent,LogisticR,-1,8,7573
0.44317961928133615,0.10101010101010102,1,study_day,True,adherent,LogisticR,-1,8,7573
0.4742856051858343,0.11111111111111112,1,study_day,True,adherent,LogisticR,-1,8,7573
0.5075728910246121,0.12121212121212122,1,study_day,True,adherent,LogisticR,-1,8,7573
0.5341725246164509,0.13131313131313133,1,study_day,True,adherent,LogisticR,-1,8,7573
0.5570324246998092,0.14141414141414144,1,study_day,True,adherent,LogisticR,-1,8,7573
0.5781452843735102,0.15151515151515152,1,study_day,True,adherent,LogisticR,-1,8,7573
0.6000031363052164,0.16161616161616163,1,study_day,True,adherent,LogisticR,-1,8,7573
0.6212476526122469,0.17171717171717174,1,study_day,True,adherent,LogisticR,-1,8,7573
0.6429030331551842,0.18181818181818182,1,study_day,True,adherent,LogisticR,-1,8,7573
0.6646881198442217,0.19191919191919193,1,study_day,True,adherent,LogisticR,-1,8,7573
0.6871247563811745,0.20202020202020204,1,study_day,True,adherent,LogisticR,-1,8,7573
0.7101022167881464,0.21212121212121213,1,study_day,True,adherent,LogisticR,-1,8,7573
0.7326821259799474,0.22222222222222224,1,study_day,True,adherent,LogisticR,-1,8,7573
0.7539153283869753,0.23232323232323235,1,study_day,True,adherent,LogisticR,-1,8,7573
0.7736246380615666,0.24242424242424243,1,study_day,True,adherent,LogisticR,-1,8,7573
0.7918137104256177,0.25252525252525254,1,study_day,True,adherent,LogisticR,-1,8,7573
0.8086197266151213,0.26262626262626265,1,study_day,True,adherent,LogisticR,-1,8,7573
0.8252428077896231,0.27272727272727276,1,study_day,True,adherent,LogisticR,-1,8,7573
0.8399578799172376,0.2828282828282829,1,study_day,True,adherent,LogisticR,-1,8,7573
0.8524643225260317,0.29292929292929293,1,study_day,True,adherent,LogisticR,-1,8,7573
0.8664057414863174,0.30303030303030304,1,study_day,True,adherent,LogisticR,-1,8,7573
0.8789732715482466,0.31313131313131315,1,study_day,True,adherent,LogisticR,-1,8,7573
0.8889456797979614,0.32323232323232326,1,study_day,True,adherent,LogisticR,-1,8,7573
0.8984778148402447,0.33333333333333337,1,study_day,True,adherent,LogisticR,-1,8,7573
0.9060833800653026,0.3434343434343435,1,study_day,True,adherent,LogisticR,-1,8,7573
0.9130247571356251,0.3535353535353536,1,study_day,True,adherent,LogisticR,-1,8,7573
0.9190893104260379,0.36363636363636365,1,study_day,True,adherent,LogisticR,-1,8,7573
0.9246593586708287,0.37373737373737376,1,study_day,True,adherent,LogisticR,-1,8,7573
0.9297164497806181,0.38383838383838387,1,study_day,True,adherent,LogisticR,-1,8,7573
0.9349232474591662,0.393939393939394,1,study_day,True,adherent,LogisticR,-1,8,7573
0.9400641073291232,0.4040404040404041,1,study_day,True,adherent,LogisticR,-1,8,7573
0.9440726110618809,0.4141414141414142,1,study_day,True,adherent,LogisticR,-1,8,7573
0.9480415302197868,0.42424242424242425,1,study_day,True,adherent,LogisticR,-1,8,7573
0.9520200588550438,0.43434343434343436,1,study_day,True,adherent,LogisticR,-1,8,7573
0.9556659370641527,0.4444444444444445,1,study_day,True,adherent,LogisticR,-1,8,7573
0.9589988082297212,0.4545454545454546,1,study_day,True,adherent,LogisticR,-1,8,7573
0.962166379679955,0.4646464646464647,1,study_day,True,adherent,LogisticR,-1,8,7573
0.9651259391225706,0.4747474747474748,1,study_day,True,adherent,LogisticR,-1,8,7573
0.9674696464108814,0.48484848484848486,1,study_day,True,adherent,LogisticR,-1,8,7573
0.9695076522385649,0.494949494949495,1,study_day,True,adherent,LogisticR,-1,8,7573
0.9713155935424832,0.5050505050505051,1,study_day,True,adherent,LogisticR,-1,8,7573
0.9732218100032264,0.5151515151515152,1,study_day,True,adherent,LogisticR,-1,8,7573
0.9749969339276621,0.5252525252525253,1,study_day,True,adherent,LogisticR,-1,8,7573
0.9767967559690731,0.5353535353535354,1,study_day,True,adherent,LogisticR,-1,8,7573
0.9785166231070005,0.5454545454545455,1,study_day,True,adherent,LogisticR,-1,8,7573
0.9801175264594642,0.5555555555555556,1,study_day,True,adherent,LogisticR,-1,8,7573
0.9814128351251296,0.5656565656565657,1,study_day,True,adherent,LogisticR,-1,8,7573
0.9827079532065227,0.5757575757575758,1,study_day,True,adherent,LogisticR,-1,8,7573
0.983781436675105,0.5858585858585859,1,study_day,True,adherent,LogisticR,-1,8,7573
0.9847512887933693,0.595959595959596,1,study_day,True,adherent,LogisticR,-1,8,7573
0.9856790400612317,0.6060606060606061,1,study_day,True,adherent,LogisticR,-1,8,7573
0.9865264404366373,0.6161616161616162,1,study_day,True,adherent,LogisticR,-1,8,7573
0.9871984331124193,0.6262626262626263,1,study_day,True,adherent,LogisticR,-1,8,7573
0.9876745168282476,0.6363636363636365,1,study_day,True,adherent,LogisticR,-1,8,7573
0.9881225321896316,0.6464646464646465,1,study_day,True,adherent,LogisticR,-1,8,7573
0.9885577027108465,0.6565656565656566,1,study_day,True,adherent,LogisticR,-1,8,7573
0.9889294909214884,0.6666666666666667,1,study_day,True,adherent,LogisticR,-1,8,7573
0.9892628656105701,0.6767676767676768,1,study_day,True,adherent,LogisticR,-1,8,7573
0.9895962402996521,0.686868686868687,1,study_day,True,adherent,LogisticR,-1,8,7573
0.989929614988734,0.696969696969697,1,study_day,True,adherent,LogisticR,-1,8,7573
0.990262989677816,0.7070707070707072,1,study_day,True,adherent,LogisticR,-1,8,7573
0.9905909381211951,0.7171717171717172,1,study_day,True,adherent,LogisticR,-1,8,7573
0.9909186179385494,0.7272727272727273,1,study_day,True,adherent,LogisticR,-1,8,7573
0.9912462977559034,0.7373737373737375,1,study_day,True,adherent,LogisticR,-1,8,7573
0.9915739775732577,0.7474747474747475,1,study_day,True,adherent,LogisticR,-1,8,7573
0.991901657390612,0.7575757575757577,1,study_day,True,adherent,LogisticR,-1,8,7573
0.9922293372079664,0.7676767676767677,1,study_day,True,adherent,LogisticR,-1,8,7573
0.9925570170253205,0.7777777777777778,1,study_day,True,adherent,LogisticR,-1,8,7573
0.992884696842675,0.787878787878788,1,study_day,True,adherent,LogisticR,-1,8,7573
0.9932123766600292,0.797979797979798,1,study_day,True,adherent,LogisticR,-1,8,7573
0.9935400564773832,0.8080808080808082,1,study_day,True,adherent,LogisticR,-1,8,7573
0.9938677362947377,0.8181818181818182,1,study_day,True,adherent,LogisticR,-1,8,7573
0.9941954161120917,0.8282828282828284,1,study_day,True,adherent,LogisticR,-1,8,7573
0.9945343901614261,0.8383838383838385,1,study_day,True,adherent,LogisticR,-1,8,7573
0.9948759907763365,0.8484848484848485,1,study_day,True,adherent,LogisticR,-1,8,7573
0.9952175913912477,0.8585858585858587,1,study_day,True,adherent,LogisticR,-1,8,7573
0.9955591920061585,0.8686868686868687,1,study_day,True,adherent,LogisticR,-1,8,7573
0.9959007926210697,0.8787878787878789,1,study_day,True,adherent,LogisticR,-1,8,7573
0.9962423932359805,0.888888888888889,1,study_day,True,adherent,LogisticR,-1,8,7573
0.9965839938508912,0.8989898989898991,1,study_day,True,adherent,LogisticR,-1,8,7573
0.9969255944658023,0.9090909090909092,1,study_day,True,adherent,LogisticR,-1,8,7573
0.9972671950807128,0.9191919191919192,1,study_day,True,adherent,LogisticR,-1,8,7573
0.9976087956956239,0.9292929292929294,1,study_day,True,adherent,LogisticR,-1,8,7573
0.9979503963105344,0.9393939393939394,1,study_day,True,adherent,LogisticR,-1,8,7573
0.9982919969254455,0.9494949494949496,1,study_day,True,adherent,LogisticR,-1,8,7573
0.9986335975403564,0.9595959595959597,1,study_day,True,adherent,LogisticR,-1,8,7573
0.9989751981552673,0.9696969696969697,1,study_day,True,adherent,LogisticR,-1,8,7573
0.9993167987701784,0.9797979797979799,1,study_day,True,adherent,LogisticR,-1,8,7573
0.9996583993850894,0.98989898989899,1,study_day,True,adherent,LogisticR,-1,8,7573
1.0,1.0,1,study_day,True,adherent,LogisticR,-1,8,7573
mean_tpr,mean_fpr,n_lags,featureset,optimized,target,method,run,n_features,n_samples
0.0,0.0,1,study_day,True,adherent,RF,-1,8,7573
0.04714906542510974,0.010101010101010102,1,study_day,True,adherent,RF,-1,8,7573
0.09496014318198152,0.020202020202020204,1,study_day,True,adherent,RF,-1,8,7573
0.14020150260105402,0.030303030303030304,1,study_day,True,adherent,RF,-1,8,7573
0.1820708280223249,0.04040404040404041,1,study_day,True,adherent,RF,-1,8,7573
0.22721152702744146,0.05050505050505051,1,study_day,True,adherent,RF,-1,8,7573
0.27612410024692946,0.06060606060606061,1,study_day,True,adherent,RF,-1,8,7573
0.321307176578867,0.07070707070707072,1,study_day,True,adherent,RF,-1,8,7573
0.36265986718354165,0.08080808080808081,1,study_day,True,adherent,RF,-1,8,7573
0.4046076308159259,0.09090909090909091,1,study_day,True,adherent,RF,-1,8,7573
0.4430850937346331,0.10101010101010102,1,study_day,True,adherent,RF,-1,8,7573
0.4812122300868906,0.11111111111111112,1,study_day,True,adherent,RF,-1,8,7573
0.5101590010828684,0.12121212121212122,1,study_day,True,adherent,RF,-1,8,7573
0.536520927331169,0.13131313131313133,1,study_day,True,adherent,RF,-1,8,7573
0.5604961744580939,0.14141414141414144,1,study_day,True,adherent,RF,-1,8,7573
0.5830592560276358,0.15151515151515152,1,study_day,True,adherent,RF,-1,8,7573
0.6062304680501991,0.16161616161616163,1,study_day,True,adherent,RF,-1,8,7573
0.628692849039878,0.17171717171717174,1,study_day,True,adherent,RF,-1,8,7573
0.6506345640062091,0.18181818181818182,1,study_day,True,adherent,RF,-1,8,7573
0.6726347555784351,0.19191919191919193,1,study_day,True,adherent,RF,-1,8,7573
0.6976416865764743,0.20202020202020204,1,study_day,True,adherent,RF,-1,8,7573
0.7211799644334178,0.21212121212121213,1,study_day,True,adherent,RF,-1,8,7573
0.7425526491076233,0.22222222222222224,1,study_day,True,adherent,RF,-1,8,7573
0.7632542001360434,0.23232323232323235,1,study_day,True,adherent,RF,-1,8,7573
0.7831526054618979,0.24242424242424243,1,study_day,True,adherent,RF,-1,8,7573
0.8018587208879189,0.25252525252525254,1,study_day,True,adherent,RF,-1,8,7573
0.8190276800355494,0.26262626262626265,1,study_day,True,adherent,RF,-1,8,7573
0.834550918135578,0.27272727272727276,1,study_day,True,adherent,RF,-1,8,7573
0.8491871127038115,0.2828282828282829,1,study_day,True,adherent,RF,-1,8,7573
0.8612406913780855,0.29292929292929293,1,study_day,True,adherent,RF,-1,8,7573
0.8722970988852822,0.30303030303030304,1,study_day,True,adherent,RF,-1,8,7573
0.8828518313632249,0.31313131313131315,1,study_day,True,adherent,RF,-1,8,7573
0.8912062276073992,0.32323232323232326,1,study_day,True,adherent,RF,-1,8,7573
0.8987766802363761,0.33333333333333337,1,study_day,True,adherent,RF,-1,8,7573
0.9053170711810811,0.3434343434343435,1,study_day,True,adherent,RF,-1,8,7573
0.91183108877346,0.3535353535353536,1,study_day,True,adherent,RF,-1,8,7573
0.9171328218175596,0.36363636363636365,1,study_day,True,adherent,RF,-1,8,7573
0.9221950640926567,0.37373737373737376,1,study_day,True,adherent,RF,-1,8,7573
0.9277890570177116,0.38383838383838387,1,study_day,True,adherent,RF,-1,8,7573
0.9336546173690249,0.393939393939394,1,study_day,True,adherent,RF,-1,8,7573
0.93945426637149,0.4040404040404041,1,study_day,True,adherent,RF,-1,8,7573
0.9437239428475053,0.4141414141414142,1,study_day,True,adherent,RF,-1,8,7573
0.9478033514460771,0.42424242424242425,1,study_day,True,adherent,RF,-1,8,7573
0.9517917851007683,0.43434343434343436,1,study_day,True,adherent,RF,-1,8,7573
0.9556728355845122,0.4444444444444445,1,study_day,True,adherent,RF,-1,8,7573
0.9590398122057515,0.4545454545454546,1,study_day,True,adherent,RF,-1,8,7573
0.9622317021735226,0.4646464646464647,1,study_day,True,adherent,RF,-1,8,7573
0.9653677647293973,0.4747474747474748,1,study_day,True,adherent,RF,-1,8,7573
0.9676251252634559,0.48484848484848486,1,study_day,True,adherent,RF,-1,8,7573
0.9695106533124845,0.494949494949495,1,study_day,True,adherent,RF,-1,8,7573
0.9713906645007816,0.5050505050505051,1,study_day,True,adherent,RF,-1,8,7573
0.9736260446819199,0.5151515151515152,1,study_day,True,adherent,RF,-1,8,7573
0.9758185978374557,0.5252525252525253,1,study_day,True,adherent,RF,-1,8,7573
0.9773446360778419,0.5353535353535354,1,study_day,True,adherent,RF,-1,8,7573
0.9784903363478428,0.5454545454545455,1,study_day,True,adherent,RF,-1,8,7573
0.9795314438901817,0.5555555555555556,1,study_day,True,adherent,RF,-1,8,7573
0.9807357781419215,0.5656565656565657,1,study_day,True,adherent,RF,-1,8,7573
0.9821740221744844,0.5757575757575758,1,study_day,True,adherent,RF,-1,8,7573
0.9831839514354421,0.5858585858585859,1,study_day,True,adherent,RF,-1,8,7573
0.9840144715832569,0.595959595959596,1,study_day,True,adherent,RF,-1,8,7573
0.9848376392171645,0.6060606060606061,1,study_day,True,adherent,RF,-1,8,7573
0.9856474631685782,0.6161616161616162,1,study_day,True,adherent,RF,-1,8,7573
0.9864055785289573,0.6262626262626263,1,study_day,True,adherent,RF,-1,8,7573
0.9869688035186364,0.6363636363636365,1,study_day,True,adherent,RF,-1,8,7573
0.9874572182247765,0.6464646464646465,1,study_day,True,adherent,RF,-1,8,7573
0.9879113977164157,0.6565656565656566,1,study_day,True,adherent,RF,-1,8,7573
0.9883021948974822,0.6666666666666667,1,study_day,True,adherent,RF,-1,8,7573
0.9886545785569882,0.6767676767676768,1,study_day,True,adherent,RF,-1,8,7573
0.9890069622164949,0.686868686868687,1,study_day,True,adherent,RF,-1,8,7573
0.9893593458760008,0.696969696969697,1,study_day,True,adherent,RF,-1,8,7573
0.9896830066977959,0.7070707070707072,1,study_day,True,adherent,RF,-1,8,7573
0.990003000774351,0.7171717171717172,1,study_day,True,adherent,RF,-1,8,7573
0.9903229948509059,0.7272727272727273,1,study_day,True,adherent,RF,-1,8,7573
0.9906429889274606,0.7373737373737375,1,study_day,True,adherent,RF,-1,8,7573
0.9909629830040155,0.7474747474747475,1,study_day,True,adherent,RF,-1,8,7573
0.9912829770805708,0.7575757575757577,1,study_day,True,adherent,RF,-1,8,7573
0.9916029711571259,0.7676767676767677,1,study_day,True,adherent,RF,-1,8,7573
0.9919364099662267,0.7777777777777778,1,study_day,True,adherent,RF,-1,8,7573
0.9922709837202828,0.787878787878788,1,study_day,True,adherent,RF,-1,8,7573
0.9925863507135589,0.797979797979798,1,study_day,True,adherent,RF,-1,8,7573
0.9929017177068351,0.8080808080808082,1,study_day,True,adherent,RF,-1,8,7573
0.9932170847001115,0.8181818181818182,1,study_day,True,adherent,RF,-1,8,7573
0.9935324516933877,0.8282828282828284,1,study_day,True,adherent,RF,-1,8,7573
0.9942302466346351,0.8383838383838385,1,study_day,True,adherent,RF,-1,8,7573
0.99459085621997,0.8484848484848485,1,study_day,True,adherent,RF,-1,8,7573
0.9949514658053055,0.8585858585858587,1,study_day,True,adherent,RF,-1,8,7573
0.995312075390641,0.8686868686868687,1,study_day,True,adherent,RF,-1,8,7573
0.9956726849759763,0.8787878787878789,1,study_day,True,adherent,RF,-1,8,7573
0.9960332945613117,0.888888888888889,1,study_day,True,adherent,RF,-1,8,7573
0.9963939041466466,0.8989898989898991,1,study_day,True,adherent,RF,-1,8,7573
0.9967545137319824,0.9090909090909092,1,study_day,True,adherent,RF,-1,8,7573
0.9971151233173176,0.9191919191919192,1,study_day,True,adherent,RF,-1,8,7573
0.9974757329026529,0.9292929292929294,1,study_day,True,adherent,RF,-1,8,7573
0.9978363424879879,0.9393939393939394,1,study_day,True,adherent,RF,-1,8,7573
0.9981969520733233,0.9494949494949496,1,study_day,True,adherent,RF,-1,8,7573
0.9985575616586587,0.9595959595959597,1,study_day,True,adherent,RF,-1,8,7573
0.998918171243994,0.9696969696969697,1,study_day,True,adherent,RF,-1,8,7573
0.9992787808293295,0.9797979797979799,1,study_day,True,adherent,RF,-1,8,7573
0.9996393904146648,0.98989898989899,1,study_day,True,adherent,RF,-1,8,7573
1.0,1.0,1,study_day,True,adherent,RF,-1,8,7573
mean_tpr,mean_fpr,n_lags,featureset,optimized,target,method,run,n_features,n_samples
0.0,0.0,1,study_day,True,adherent,SVM,-1,8,7573
0.05107687302589726,0.010101010101010102,1,study_day,True,adherent,SVM,-1,8,7573
0.08608650954325509,0.020202020202020204,1,study_day,True,adherent,SVM,-1,8,7573
0.11891298907936881,0.030303030303030304,1,study_day,True,adherent,SVM,-1,8,7573
0.15028743508229556,0.04040404040404041,1,study_day,True,adherent,SVM,-1,8,7573
0.18026793091311316,0.05050505050505051,1,study_day,True,adherent,SVM,-1,8,7573
0.21357371387270876,0.06060606060606061,1,study_day,True,adherent,SVM,-1,8,7573
0.2458957997778473,0.07070707070707072,1,study_day,True,adherent,SVM,-1,8,7573
0.28018534586722865,0.08080808080808081,1,study_day,True,adherent,SVM,-1,8,7573
0.31484591411603674,0.09090909090909091,1,study_day,True,adherent,SVM,-1,8,7573
0.347934899377142,0.10101010101010102,1,study_day,True,adherent,SVM,-1,8,7573
0.384014920905595,0.11111111111111112,1,study_day,True,adherent,SVM,-1,8,7573
0.4212746918559687,0.12121212121212122,1,study_day,True,adherent,SVM,-1,8,7573
0.4562530588481256,0.13131313131313133,1,study_day,True,adherent,SVM,-1,8,7573
0.4873982956736402,0.14141414141414144,1,study_day,True,adherent,SVM,-1,8,7573
0.5174658392385365,0.15151515151515152,1,study_day,True,adherent,SVM,-1,8,7573
0.5442973685023411,0.16161616161616163,1,study_day,True,adherent,SVM,-1,8,7573
0.5704455269086768,0.17171717171717174,1,study_day,True,adherent,SVM,-1,8,7573
0.5977400849429487,0.18181818181818182,1,study_day,True,adherent,SVM,-1,8,7573
0.6258774986376092,0.19191919191919193,1,study_day,True,adherent,SVM,-1,8,7573
0.6517293671583065,0.20202020202020204,1,study_day,True,adherent,SVM,-1,8,7573
0.6761896911235368,0.21212121212121213,1,study_day,True,adherent,SVM,-1,8,7573
0.6977202167973918,0.22222222222222224,1,study_day,True,adherent,SVM,-1,8,7573
0.7196632313815925,0.23232323232323235,1,study_day,True,adherent,SVM,-1,8,7573
0.7395910693143003,0.24242424242424243,1,study_day,True,adherent,SVM,-1,8,7573
0.7633953982836748,0.25252525252525254,1,study_day,True,adherent,SVM,-1,8,7573
0.7871902076544859,0.26262626262626265,1,study_day,True,adherent,SVM,-1,8,7573
0.8095761850717496,0.27272727272727276,1,study_day,True,adherent,SVM,-1,8,7573
0.8261255632597586,0.2828282828282829,1,study_day,True,adherent,SVM,-1,8,7573
0.8404456663059275,0.29292929292929293,1,study_day,True,adherent,SVM,-1,8,7573
0.8533321864744328,0.30303030303030304,1,study_day,True,adherent,SVM,-1,8,7573
0.8658157840904704,0.31313131313131315,1,study_day,True,adherent,SVM,-1,8,7573
0.8756937554576235,0.32323232323232326,1,study_day,True,adherent,SVM,-1,8,7573
0.8851185596204574,0.33333333333333337,1,study_day,True,adherent,SVM,-1,8,7573
0.8943278122444864,0.3434343434343435,1,study_day,True,adherent,SVM,-1,8,7573
0.9029030637077675,0.3535353535353536,1,study_day,True,adherent,SVM,-1,8,7573
0.9104999216010148,0.36363636363636365,1,study_day,True,adherent,SVM,-1,8,7573
0.9183737627836789,0.37373737373737376,1,study_day,True,adherent,SVM,-1,8,7573
0.9251212785769505,0.38383838383838387,1,study_day,True,adherent,SVM,-1,8,7573
0.9313306939449472,0.393939393939394,1,study_day,True,adherent,SVM,-1,8,7573
0.9370713008084608,0.4040404040404041,1,study_day,True,adherent,SVM,-1,8,7573
0.942186320192278,0.4141414141414142,1,study_day,True,adherent,SVM,-1,8,7573
0.9471134392015531,0.42424242424242425,1,study_day,True,adherent,SVM,-1,8,7573
0.950512669575228,0.43434343434343436,1,study_day,True,adherent,SVM,-1,8,7573
0.9548617379529641,0.4444444444444445,1,study_day,True,adherent,SVM,-1,8,7573
0.9588503716241545,0.4545454545454546,1,study_day,True,adherent,SVM,-1,8,7573
0.9616919217372292,0.4646464646464647,1,study_day,True,adherent,SVM,-1,8,7573
0.9640856344363857,0.4747474747474748,1,study_day,True,adherent,SVM,-1,8,7573
0.9661064955643833,0.48484848484848486,1,study_day,True,adherent,SVM,-1,8,7573
0.9679659723528233,0.494949494949495,1,study_day,True,adherent,SVM,-1,8,7573
0.9698385837352425,0.5050505050505051,1,study_day,True,adherent,SVM,-1,8,7573
0.9726601284303191,0.5151515151515152,1,study_day,True,adherent,SVM,-1,8,7573
0.9750471147755223,0.5252525252525253,1,study_day,True,adherent,SVM,-1,8,7573
0.9766899886944092,0.5353535353535354,1,study_day,True,adherent,SVM,-1,8,7573
0.9781056791214071,0.5454545454545455,1,study_day,True,adherent,SVM,-1,8,7573
0.9793025812051307,0.5555555555555556,1,study_day,True,adherent,SVM,-1,8,7573
0.9803650171466296,0.5656565656565657,1,study_day,True,adherent,SVM,-1,8,7573
0.9814274530881282,0.5757575757575758,1,study_day,True,adherent,SVM,-1,8,7573
0.9824015407711127,0.5858585858585859,1,study_day,True,adherent,SVM,-1,8,7573
0.9833372297410321,0.595959595959596,1,study_day,True,adherent,SVM,-1,8,7573
0.9844689701342756,0.6060606060606061,1,study_day,True,adherent,SVM,-1,8,7573
0.9851821953156172,0.6161616161616162,1,study_day,True,adherent,SVM,-1,8,7573
0.985623596913485,0.6262626262626263,1,study_day,True,adherent,SVM,-1,8,7573
0.9860660171006067,0.6363636363636365,1,study_day,True,adherent,SVM,-1,8,7573
0.9866333773162992,0.6464646464646465,1,study_day,True,adherent,SVM,-1,8,7573
0.9871472955567114,0.6565656565656566,1,study_day,True,adherent,SVM,-1,8,7573
0.9874806702457937,0.6666666666666667,1,study_day,True,adherent,SVM,-1,8,7573
0.9881342740191495,0.6767676767676768,1,study_day,True,adherent,SVM,-1,8,7573
0.9884306320420013,0.686868686868687,1,study_day,True,adherent,SVM,-1,8,7573
0.9887269900648531,0.696969696969697,1,study_day,True,adherent,SVM,-1,8,7573
0.9890233480877049,0.7070707070707072,1,study_day,True,adherent,SVM,-1,8,7573
0.9893223252142994,0.7171717171717172,1,study_day,True,adherent,SVM,-1,8,7573
0.9897574957355143,0.7272727272727273,1,study_day,True,adherent,SVM,-1,8,7573
0.9901926662567293,0.7373737373737375,1,study_day,True,adherent,SVM,-1,8,7573
0.9906278367779439,0.7474747474747475,1,study_day,True,adherent,SVM,-1,8,7573
0.9910250302948894,0.7575757575757577,1,study_day,True,adherent,SVM,-1,8,7573
0.9913260154010203,0.7676767676767677,1,study_day,True,adherent,SVM,-1,8,7573
0.9916270005071509,0.7777777777777778,1,study_day,True,adherent,SVM,-1,8,7573
0.9919279856132817,0.787878787878788,1,study_day,True,adherent,SVM,-1,8,7573
0.9922289707194121,0.797979797979798,1,study_day,True,adherent,SVM,-1,8,7573
0.9925299558255425,0.8080808080808082,1,study_day,True,adherent,SVM,-1,8,7573
0.9928309409316733,0.8181818181818182,1,study_day,True,adherent,SVM,-1,8,7573
0.9931319260378036,0.8282828282828284,1,study_day,True,adherent,SVM,-1,8,7573
0.9934658633491713,0.8383838383838385,1,study_day,True,adherent,SVM,-1,8,7573
0.9938074639640817,0.8484848484848485,1,study_day,True,adherent,SVM,-1,8,7573
0.9941490645789929,0.8585858585858587,1,study_day,True,adherent,SVM,-1,8,7573
0.9944906651939038,0.8686868686868687,1,study_day,True,adherent,SVM,-1,8,7573
0.9948322658088149,0.8787878787878789,1,study_day,True,adherent,SVM,-1,8,7573
0.9951738664237257,0.888888888888889,1,study_day,True,adherent,SVM,-1,8,7573
0.9955154670386365,0.8989898989898991,1,study_day,True,adherent,SVM,-1,8,7573
0.9958570676535475,0.9090909090909092,1,study_day,True,adherent,SVM,-1,8,7573
0.996198668268458,0.9191919191919192,1,study_day,True,adherent,SVM,-1,8,7573
0.9965402688833691,0.9292929292929294,1,study_day,True,adherent,SVM,-1,8,7573
0.9968818694982798,0.9393939393939394,1,study_day,True,adherent,SVM,-1,8,7573
0.9972234701131907,0.9494949494949496,1,study_day,True,adherent,SVM,-1,8,7573
0.9975650707281016,0.9595959595959597,1,study_day,True,adherent,SVM,-1,8,7573
0.9980640045967352,0.9696969696969697,1,study_day,True,adherent,SVM,-1,8,7573
0.99862103458968,0.9797979797979799,1,study_day,True,adherent,SVM,-1,8,7573
0.99931051729484,0.98989898989899,1,study_day,True,adherent,SVM,-1,8,7573
1.0,1.0,1,study_day,True,adherent,SVM,-1,8,7573
mean_tpr,mean_fpr,n_lags,featureset,optimized,target,method,run,n_features,n_samples
0.0,0.0,4,study_week,True,adherent,LogisticR,-1,34,982
0.04706382221550575,0.010101010101010102,4,study_week,True,adherent,LogisticR,-1,34,982
0.11246349163005193,0.020202020202020204,4,study_week,True,adherent,LogisticR,-1,34,982
0.17960203216593473,0.030303030303030304,4,study_week,True,adherent,LogisticR,-1,34,982
0.22575178224095838,0.04040404040404041,4,study_week,True,adherent,LogisticR,-1,34,982
0.2651148051899892,0.05050505050505051,4,study_week,True,adherent,LogisticR,-1,34,982
0.30736760555606596,0.06060606060606061,4,study_week,True,adherent,LogisticR,-1,34,982
0.3459858906419281,0.07070707070707072,4,study_week,True,adherent,LogisticR,-1,34,982
0.37306611387232436,0.08080808080808081,4,study_week,True,adherent,LogisticR,-1,34,982
0.396494891781917,0.09090909090909091,4,study_week,True,adherent,LogisticR,-1,34,982
0.4211580869717643,0.10101010101010102,4,study_week,True,adherent,LogisticR,-1,34,982
0.4449200590006307,0.11111111111111112,4,study_week,True,adherent,LogisticR,-1,34,982
0.4708172490987675,0.12121212121212122,4,study_week,True,adherent,LogisticR,-1,34,982
0.493321401446017,0.13131313131313133,4,study_week,True,adherent,LogisticR,-1,34,982
0.5164186082804467,0.14141414141414144,4,study_week,True,adherent,LogisticR,-1,34,982
0.5349143630757183,0.15151515151515152,4,study_week,True,adherent,LogisticR,-1,34,982
0.5570151212131914,0.16161616161616163,4,study_week,True,adherent,LogisticR,-1,34,982
0.5754189709947376,0.17171717171717174,4,study_week,True,adherent,LogisticR,-1,34,982
0.5904320407990284,0.18181818181818182,4,study_week,True,adherent,LogisticR,-1,34,982
0.6156506733319086,0.19191919191919193,4,study_week,True,adherent,LogisticR,-1,34,982
0.6295505190480222,0.20202020202020204,4,study_week,True,adherent,LogisticR,-1,34,982
0.6483584593101885,0.21212121212121213,4,study_week,True,adherent,LogisticR,-1,34,982
0.6649180306140139,0.22222222222222224,4,study_week,True,adherent,LogisticR,-1,34,982
0.682293627168267,0.23232323232323235,4,study_week,True,adherent,LogisticR,-1,34,982
0.6994540889838035,0.24242424242424243,4,study_week,True,adherent,LogisticR,-1,34,982
0.7089087810060741,0.25252525252525254,4,study_week,True,adherent,LogisticR,-1,34,982
0.7177697387860152,0.26262626262626265,4,study_week,True,adherent,LogisticR,-1,34,982
0.7312735831628625,0.27272727272727276,4,study_week,True,adherent,LogisticR,-1,34,982
0.7399728056879533,0.2828282828282829,4,study_week,True,adherent,LogisticR,-1,34,982
0.7547336827468304,0.29292929292929293,4,study_week,True,adherent,LogisticR,-1,34,982
0.761757014676971,0.30303030303030304,4,study_week,True,adherent,LogisticR,-1,34,982
0.7694411339734062,0.31313131313131315,4,study_week,True,adherent,LogisticR,-1,34,982
0.7859216860239507,0.32323232323232326,4,study_week,True,adherent,LogisticR,-1,34,982
0.8035928135544939,0.33333333333333337,4,study_week,True,adherent,LogisticR,-1,34,982
0.810431753540884,0.3434343434343435,4,study_week,True,adherent,LogisticR,-1,34,982
0.8219897301278297,0.3535353535353536,4,study_week,True,adherent,LogisticR,-1,34,982
0.8336515392641468,0.36363636363636365,4,study_week,True,adherent,LogisticR,-1,34,982
0.8399207656174904,0.37373737373737376,4,study_week,True,adherent,LogisticR,-1,34,982
0.8461234023927122,0.38383838383838387,4,study_week,True,adherent,LogisticR,-1,34,982
0.8566955254246424,0.393939393939394,4,study_week,True,adherent,LogisticR,-1,34,982
0.865916596202218,0.4040404040404041,4,study_week,True,adherent,LogisticR,-1,34,982
0.8729098864846234,0.4141414141414142,4,study_week,True,adherent,LogisticR,-1,34,982
0.8837259451260043,0.42424242424242425,4,study_week,True,adherent,LogisticR,-1,34,982
0.8907304184035728,0.43434343434343436,4,study_week,True,adherent,LogisticR,-1,34,982
0.8978867481631686,0.4444444444444445,4,study_week,True,adherent,LogisticR,-1,34,982
0.9025487359587488,0.4545454545454546,4,study_week,True,adherent,LogisticR,-1,34,982
0.9054398861576697,0.4646464646464647,4,study_week,True,adherent,LogisticR,-1,34,982
0.9110158712846095,0.4747474747474748,4,study_week,True,adherent,LogisticR,-1,34,982
0.9174833134099348,0.48484848484848486,4,study_week,True,adherent,LogisticR,-1,34,982
0.9261551050677241,0.494949494949495,4,study_week,True,adherent,LogisticR,-1,34,982
0.9278013847912405,0.5050505050505051,4,study_week,True,adherent,LogisticR,-1,34,982
0.9312780853251148,0.5151515151515152,4,study_week,True,adherent,LogisticR,-1,34,982
0.9356776681365376,0.5252525252525253,4,study_week,True,adherent,LogisticR,-1,34,982
0.9372695405182401,0.5353535353535354,4,study_week,True,adherent,LogisticR,-1,34,982
0.9388684174436296,0.5454545454545455,4,study_week,True,adherent,LogisticR,-1,34,982
0.943206674701643,0.5555555555555556,4,study_week,True,adherent,LogisticR,-1,34,982
0.9455693347179099,0.5656565656565657,4,study_week,True,adherent,LogisticR,-1,34,982
0.946872085531501,0.5757575757575758,4,study_week,True,adherent,LogisticR,-1,34,982
0.9492212208612844,0.5858585858585859,4,study_week,True,adherent,LogisticR,-1,34,982
0.9506125917876769,0.595959595959596,4,study_week,True,adherent,LogisticR,-1,34,982
0.9534459525120823,0.6060606060606061,4,study_week,True,adherent,LogisticR,-1,34,982
0.9566953993833865,0.6161616161616162,4,study_week,True,adherent,LogisticR,-1,34,982
0.958903056390925,0.6262626262626263,4,study_week,True,adherent,LogisticR,-1,34,982
0.9607517153787625,0.6363636363636365,4,study_week,True,adherent,LogisticR,-1,34,982
0.9629231982067487,0.6464646464646465,4,study_week,True,adherent,LogisticR,-1,34,982
0.9649170370433753,0.6565656565656566,4,study_week,True,adherent,LogisticR,-1,34,982
0.9682320655068505,0.6666666666666667,4,study_week,True,adherent,LogisticR,-1,34,982
0.9690346544587832,0.6767676767676768,4,study_week,True,adherent,LogisticR,-1,34,982
0.970674789305723,0.686868686868687,4,study_week,True,adherent,LogisticR,-1,34,982
0.9754870374167715,0.696969696969697,4,study_week,True,adherent,LogisticR,-1,34,982
0.9790948235276946,0.7070707070707072,4,study_week,True,adherent,LogisticR,-1,34,982
0.9817084650770853,0.7171717171717172,4,study_week,True,adherent,LogisticR,-1,34,982
0.9841499897439212,0.7272727272727273,4,study_week,True,adherent,LogisticR,-1,34,982
0.9843368096079252,0.7373737373737375,4,study_week,True,adherent,LogisticR,-1,34,982
0.9852572287510292,0.7474747474747475,4,study_week,True,adherent,LogisticR,-1,34,982
0.9863651166864571,0.7575757575757577,4,study_week,True,adherent,LogisticR,-1,34,982
0.987618066844201,0.7676767676767677,4,study_week,True,adherent,LogisticR,-1,34,982
0.9880229970973324,0.7777777777777778,4,study_week,True,adherent,LogisticR,-1,34,982
0.9886448799684618,0.787878787878788,4,study_week,True,adherent,LogisticR,-1,34,982
0.9894323971149812,0.797979797979798,4,study_week,True,adherent,LogisticR,-1,34,982
0.9895331521881409,0.8080808080808082,4,study_week,True,adherent,LogisticR,-1,34,982
0.9899218728276163,0.8181818181818182,4,study_week,True,adherent,LogisticR,-1,34,982
0.9904266683048162,0.8282828282828284,4,study_week,True,adherent,LogisticR,-1,34,982
0.9905190926479956,0.8383838383838385,4,study_week,True,adherent,LogisticR,-1,34,982
0.9911829455626036,0.8484848484848485,4,study_week,True,adherent,LogisticR,-1,34,982
0.9915902772206899,0.8585858585858587,4,study_week,True,adherent,LogisticR,-1,34,982
0.9924843203828282,0.8686868686868687,4,study_week,True,adherent,LogisticR,-1,34,982
0.9942196881016604,0.8787878787878789,4,study_week,True,adherent,LogisticR,-1,34,982
0.9956555994669938,0.888888888888889,4,study_week,True,adherent,LogisticR,-1,34,982
0.9958544062343904,0.8989898989898991,4,study_week,True,adherent,LogisticR,-1,34,982
0.9960439601681067,0.9090909090909092,4,study_week,True,adherent,LogisticR,-1,34,982
0.9961759409144788,0.9191919191919192,4,study_week,True,adherent,LogisticR,-1,34,982
0.9971326639288921,0.9292929292929294,4,study_week,True,adherent,LogisticR,-1,34,982
0.9975609409715603,0.9393939393939394,4,study_week,True,adherent,LogisticR,-1,34,982
0.9979626036649512,0.9494949494949496,4,study_week,True,adherent,LogisticR,-1,34,982
0.9983367181489755,0.9595959595959597,4,study_week,True,adherent,LogisticR,-1,34,982
0.9984291424921549,0.9696969696969697,4,study_week,True,adherent,LogisticR,-1,34,982
0.9985215668353342,0.9797979797979799,4,study_week,True,adherent,LogisticR,-1,34,982
0.9987354858454626,0.98989898989899,4,study_week,True,adherent,LogisticR,-1,34,982
1.0,1.0,4,study_week,True,adherent,LogisticR,-1,34,982
mean_tpr,mean_fpr,n_lags,featureset,optimized,target,method,run,n_features,n_samples
0.0,0.0,4,study_week,True,adherent,RF,-1,34,982
0.07530387927987867,0.010101010101010102,4,study_week,True,adherent,RF,-1,34,982
0.13818592181374093,0.020202020202020204,4,study_week,True,adherent,RF,-1,34,982
0.19586125499805443,0.030303030303030304,4,study_week,True,adherent,RF,-1,34,982
0.21850496028570252,0.04040404040404041,4,study_week,True,adherent,RF,-1,34,982
0.2672335607397898,0.05050505050505051,4,study_week,True,adherent,RF,-1,34,982
0.31729308173457726,0.06060606060606061,4,study_week,True,adherent,RF,-1,34,982
0.3588530882110761,0.07070707070707072,4,study_week,True,adherent,RF,-1,34,982
0.40894823763143784,0.08080808080808081,4,study_week,True,adherent,RF,-1,34,982
0.43713221703126237,0.09090909090909091,4,study_week,True,adherent,RF,-1,34,982
0.4633624767961592,0.10101010101010102,4,study_week,True,adherent,RF,-1,34,982
0.4853081195233926,0.11111111111111112,4,study_week,True,adherent,RF,-1,34,982
0.5079811308700275,0.12121212121212122,4,study_week,True,adherent,RF,-1,34,982
0.5226343595834063,0.13131313131313133,4,study_week,True,adherent,RF,-1,34,982
0.5447833708192472,0.14141414141414144,4,study_week,True,adherent,RF,-1,34,982
0.5616904852023068,0.15151515151515152,4,study_week,True,adherent,RF,-1,34,982
0.5824927807369837,0.16161616161616163,4,study_week,True,adherent,RF,-1,34,982
0.6068500427458638,0.17171717171717174,4,study_week,True,adherent,RF,-1,34,982
0.6235648912376464,0.18181818181818182,4,study_week,True,adherent,RF,-1,34,982
0.6382025656805509,0.19191919191919193,4,study_week,True,adherent,RF,-1,34,982
0.6462922468975126,0.20202020202020204,4,study_week,True,adherent,RF,-1,34,982
0.6594426290233366,0.21212121212121213,4,study_week,True,adherent,RF,-1,34,982
0.6747969726212455,0.22222222222222224,4,study_week,True,adherent,RF,-1,34,982
0.6901021855538326,0.23232323232323235,4,study_week,True,adherent,RF,-1,34,982
0.7054878135648559,0.24242424242424243,4,study_week,True,adherent,RF,-1,34,982
0.7105607109401292,0.25252525252525254,4,study_week,True,adherent,RF,-1,34,982
0.7263915127438219,0.26262626262626265,4,study_week,True,adherent,RF,-1,34,982
0.7412775520515119,0.27272727272727276,4,study_week,True,adherent,RF,-1,34,982
0.7641767555198897,0.2828282828282829,4,study_week,True,adherent,RF,-1,34,982
0.7733528898793993,0.29292929292929293,4,study_week,True,adherent,RF,-1,34,982
0.7847257086510507,0.30303030303030304,4,study_week,True,adherent,RF,-1,34,982
0.7939535906809724,0.31313131313131315,4,study_week,True,adherent,RF,-1,34,982
0.8057764537611289,0.32323232323232326,4,study_week,True,adherent,RF,-1,34,982
0.8149460359207015,0.33333333333333337,4,study_week,True,adherent,RF,-1,34,982
0.8217053508040802,0.3434343434343435,4,study_week,True,adherent,RF,-1,34,982
0.8303654512768042,0.3535353535353536,4,study_week,True,adherent,RF,-1,34,982
0.8441575570558935,0.36363636363636365,4,study_week,True,adherent,RF,-1,34,982
0.8550122264547235,0.37373737373737376,4,study_week,True,adherent,RF,-1,34,982
0.8602973489338281,0.38383838383838387,4,study_week,True,adherent,RF,-1,34,982
0.8635865407610127,0.393939393939394,4,study_week,True,adherent,RF,-1,34,982
0.8704147139570384,0.4040404040404041,4,study_week,True,adherent,RF,-1,34,982
0.8757802926443188,0.4141414141414142,4,study_week,True,adherent,RF,-1,34,982
0.8798798243045486,0.42424242424242425,4,study_week,True,adherent,RF,-1,34,982
0.8859262076398753,0.43434343434343436,4,study_week,True,adherent,RF,-1,34,982
0.8908813563534785,0.4444444444444445,4,study_week,True,adherent,RF,-1,34,982
0.8943152146336264,0.4545454545454546,4,study_week,True,adherent,RF,-1,34,982
0.8982709598752671,0.4646464646464647,4,study_week,True,adherent,RF,-1,34,982
0.9049707148918691,0.4747474747474748,4,study_week,True,adherent,RF,-1,34,982
0.9099719057658335,0.48484848484848486,4,study_week,True,adherent,RF,-1,34,982
0.9145981656060613,0.494949494949495,4,study_week,True,adherent,RF,-1,34,982
0.9189497925280792,0.5050505050505051,4,study_week,True,adherent,RF,-1,34,982
0.9245028632547415,0.5151515151515152,4,study_week,True,adherent,RF,-1,34,982
0.927859214358256,0.5252525252525253,4,study_week,True,adherent,RF,-1,34,982
0.9309358966103768,0.5353535353535354,4,study_week,True,adherent,RF,-1,34,982
0.9341196363405305,0.5454545454545455,4,study_week,True,adherent,RF,-1,34,982
0.9381519272628335,0.5555555555555556,4,study_week,True,adherent,RF,-1,34,982
0.9392602173906398,0.5656565656565657,4,study_week,True,adherent,RF,-1,34,982
0.9434728251207916,0.5757575757575758,4,study_week,True,adherent,RF,-1,34,982
0.945227610554086,0.5858585858585859,4,study_week,True,adherent,RF,-1,34,982
0.947683591610067,0.595959595959596,4,study_week,True,adherent,RF,-1,34,982
0.9486717870403677,0.6060606060606061,4,study_week,True,adherent,RF,-1,34,982
0.9501264427389862,0.6161616161616162,4,study_week,True,adherent,RF,-1,34,982
0.9505883720088363,0.6262626262626263,4,study_week,True,adherent,RF,-1,34,982
0.9538986208112503,0.6363636363636365,4,study_week,True,adherent,RF,-1,34,982
0.9568594630191513,0.6464646464646465,4,study_week,True,adherent,RF,-1,34,982
0.9590318108415192,0.6565656565656566,4,study_week,True,adherent,RF,-1,34,982
0.9620830814334531,0.6666666666666667,4,study_week,True,adherent,RF,-1,34,982
0.9632698211673594,0.6767676767676768,4,study_week,True,adherent,RF,-1,34,982
0.9646121342933628,0.686868686868687,4,study_week,True,adherent,RF,-1,34,982
0.9665398635979673,0.696969696969697,4,study_week,True,adherent,RF,-1,34,982
0.9676964749382164,0.7070707070707072,4,study_week,True,adherent,RF,-1,34,982
0.9707301465538964,0.7171717171717172,4,study_week,True,adherent,RF,-1,34,982
0.9743102513236432,0.7272727272727273,4,study_week,True,adherent,RF,-1,34,982
0.9752031425372439,0.7373737373737375,4,study_week,True,adherent,RF,-1,34,982
0.9769895635993009,0.7474747474747475,4,study_week,True,adherent,RF,-1,34,982
0.9780977720082527,0.7575757575757577,4,study_week,True,adherent,RF,-1,34,982
0.980234661512291,0.7676767676767677,4,study_week,True,adherent,RF,-1,34,982
0.9817366844519824,0.7777777777777778,4,study_week,True,adherent,RF,-1,34,982
0.9829677533266823,0.787878787878788,4,study_week,True,adherent,RF,-1,34,982
0.9854073563606149,0.797979797979798,4,study_week,True,adherent,RF,-1,34,982
0.9862550769674766,0.8080808080808082,4,study_week,True,adherent,RF,-1,34,982
0.9867489231285899,0.8181818181818182,4,study_week,True,adherent,RF,-1,34,982
0.9877524987811388,0.8282828282828284,4,study_week,True,adherent,RF,-1,34,982
0.9890724235724242,0.8383838383838385,4,study_week,True,adherent,RF,-1,34,982
0.989800722292585,0.8484848484848485,4,study_week,True,adherent,RF,-1,34,982
0.9902491811802961,0.8585858585858587,4,study_week,True,adherent,RF,-1,34,982
0.9904159499271623,0.8686868686868687,4,study_week,True,adherent,RF,-1,34,982
0.9911460989557185,0.8787878787878789,4,study_week,True,adherent,RF,-1,34,982
0.9917089073065449,0.888888888888889,4,study_week,True,adherent,RF,-1,34,982
0.9925496488056406,0.8989898989898991,4,study_week,True,adherent,RF,-1,34,982
0.9930914771140706,0.9090909090909092,4,study_week,True,adherent,RF,-1,34,982
0.9949620030029968,0.9191919191919192,4,study_week,True,adherent,RF,-1,34,982
0.9956366446158589,0.9292929292929294,4,study_week,True,adherent,RF,-1,34,982
0.9959039135326888,0.9393939393939394,4,study_week,True,adherent,RF,-1,34,982
0.9971017580467608,0.9494949494949496,4,study_week,True,adherent,RF,-1,34,982
0.9977313265205371,0.9595959595959597,4,study_week,True,adherent,RF,-1,34,982
0.9986654309840068,0.9696969696969697,4,study_week,True,adherent,RF,-1,34,982
0.9989669384548381,0.9797979797979799,4,study_week,True,adherent,RF,-1,34,982
0.999296425420701,0.98989898989899,4,study_week,True,adherent,RF,-1,34,982
1.0,1.0,4,study_week,True,adherent,RF,-1,34,982
mean_tpr,mean_fpr,n_lags,featureset,optimized,target,method,run,n_features,n_samples
0.0,0.0,4,study_week,True,adherent,SVM,-1,34,982
0.04895841693900662,0.010101010101010102,4,study_week,True,adherent,SVM,-1,34,982
0.11628050854850104,0.020202020202020204,4,study_week,True,adherent,SVM,-1,34,982
0.15274102963400105,0.030303030303030304,4,study_week,True,adherent,SVM,-1,34,982
0.18375765028098662,0.04040404040404041,4,study_week,True,adherent,SVM,-1,34,982
0.22581375924733646,0.05050505050505051,4,study_week,True,adherent,SVM,-1,34,982
0.2661533922909797,0.06060606060606061,4,study_week,True,adherent,SVM,-1,34,982
0.29706289627902754,0.07070707070707072,4,study_week,True,adherent,SVM,-1,34,982
0.3593675238125109,0.08080808080808081,4,study_week,True,adherent,SVM,-1,34,982
0.39426878118726044,0.09090909090909091,4,study_week,True,adherent,SVM,-1,34,982
0.42742618481204075,0.10101010101010102,4,study_week,True,adherent,SVM,-1,34,982
0.45040906149165366,0.11111111111111112,4,study_week,True,adherent,SVM,-1,34,982
0.4825014930618707,0.12121212121212122,4,study_week,True,adherent,SVM,-1,34,982
0.49932111598371004,0.13131313131313133,4,study_week,True,adherent,SVM,-1,34,982
0.5218701211059694,0.14141414141414144,4,study_week,True,adherent,SVM,-1,34,982
0.5402140365680136,0.15151515151515152,4,study_week,True,adherent,SVM,-1,34,982
0.5641707545219162,0.16161616161616163,4,study_week,True,adherent,SVM,-1,34,982
0.5761834783263062,0.17171717171717174,4,study_week,True,adherent,SVM,-1,34,982
0.6012082772032116,0.18181818181818182,4,study_week,True,adherent,SVM,-1,34,982
0.6243637668714355,0.19191919191919193,4,study_week,True,adherent,SVM,-1,34,982
0.6404024827972304,0.20202020202020204,4,study_week,True,adherent,SVM,-1,34,982
0.6596485288510121,0.21212121212121213,4,study_week,True,adherent,SVM,-1,34,982
0.6704833089706955,0.22222222222222224,4,study_week,True,adherent,SVM,-1,34,982
0.6916134126223015,0.23232323232323235,4,study_week,True,adherent,SVM,-1,34,982
0.7025199073237286,0.24242424242424243,4,study_week,True,adherent,SVM,-1,34,982
0.7131468238760956,0.25252525252525254,4,study_week,True,adherent,SVM,-1,34,982
0.7223582370173987,0.26262626262626265,4,study_week,True,adherent,SVM,-1,34,982
0.7303852350216417,0.27272727272727276,4,study_week,True,adherent,SVM,-1,34,982
0.741566959919394,0.2828282828282829,4,study_week,True,adherent,SVM,-1,34,982
0.7517717630450105,0.29292929292929293,4,study_week,True,adherent,SVM,-1,34,982
0.763046540918195,0.30303030303030304,4,study_week,True,adherent,SVM,-1,34,982
0.7750865871383446,0.31313131313131315,4,study_week,True,adherent,SVM,-1,34,982
0.7882076379763656,0.32323232323232326,4,study_week,True,adherent,SVM,-1,34,982
0.7997554349700876,0.33333333333333337,4,study_week,True,adherent,SVM,-1,34,982
0.8087355706402235,0.3434343434343435,4,study_week,True,adherent,SVM,-1,34,982
0.8120691288745718,0.3535353535353536,4,study_week,True,adherent,SVM,-1,34,982
0.8241628300928074,0.36363636363636365,4,study_week,True,adherent,SVM,-1,34,982
0.8307511740605237,0.37373737373737376,4,study_week,True,adherent,SVM,-1,34,982
0.8377125276299254,0.38383838383838387,4,study_week,True,adherent,SVM,-1,34,982
0.8498495190127653,0.393939393939394,4,study_week,True,adherent,SVM,-1,34,982
0.8577293900470342,0.4040404040404041,4,study_week,True,adherent,SVM,-1,34,982
0.8681455171829667,0.4141414141414142,4,study_week,True,adherent,SVM,-1,34,982
0.8726119800654228,0.42424242424242425,4,study_week,True,adherent,SVM,-1,34,982
0.8813709357990885,0.43434343434343436,4,study_week,True,adherent,SVM,-1,34,982
0.886105823744114,0.4444444444444445,4,study_week,True,adherent,SVM,-1,34,982
0.889706168263082,0.4545454545454546,4,study_week,True,adherent,SVM,-1,34,982
0.893304518246048,0.4646464646464647,4,study_week,True,adherent,SVM,-1,34,982
0.8971641907964905,0.4747474747474748,4,study_week,True,adherent,SVM,-1,34,982
0.9004231708803342,0.48484848484848486,4,study_week,True,adherent,SVM,-1,34,982
0.9075470540915641,0.494949494949495,4,study_week,True,adherent,SVM,-1,34,982
0.9137095239633904,0.5050505050505051,4,study_week,True,adherent,SVM,-1,34,982
0.9184883177493199,0.5151515151515152,4,study_week,True,adherent,SVM,-1,34,982
0.923131428706987,0.5252525252525253,4,study_week,True,adherent,SVM,-1,34,982
0.9321506862758646,0.5353535353535354,4,study_week,True,adherent,SVM,-1,34,982
0.9343206300027188,0.5454545454545455,4,study_week,True,adherent,SVM,-1,34,982
0.9382094834694318,0.5555555555555556,4,study_week,True,adherent,SVM,-1,34,982
0.9382094834694318,0.5656565656565657,4,study_week,True,adherent,SVM,-1,34,982
0.9423744847096513,0.5757575757575758,4,study_week,True,adherent,SVM,-1,34,982
0.9441804152507843,0.5858585858585859,4,study_week,True,adherent,SVM,-1,34,982
0.9457630639402441,0.595959595959596,4,study_week,True,adherent,SVM,-1,34,982
0.9472634459112144,0.6060606060606061,4,study_week,True,adherent,SVM,-1,34,982
0.9496065997175142,0.6161616161616162,4,study_week,True,adherent,SVM,-1,34,982
0.9531053283123689,0.6262626262626263,4,study_week,True,adherent,SVM,-1,34,982
0.955061428684311,0.6363636363636365,4,study_week,True,adherent,SVM,-1,34,982
0.957076123541111,0.6464646464646465,4,study_week,True,adherent,SVM,-1,34,982
0.9606610987131401,0.6565656565656566,4,study_week,True,adherent,SVM,-1,34,982
0.9617756712295816,0.6666666666666667,4,study_week,True,adherent,SVM,-1,34,982
0.9625018058148711,0.6767676767676768,4,study_week,True,adherent,SVM,-1,34,982
0.9636092571870285,0.686868686868687,4,study_week,True,adherent,SVM,-1,34,982
0.9651936509205195,0.696969696969697,4,study_week,True,adherent,SVM,-1,34,982
0.966653968380837,0.7070707070707072,4,study_week,True,adherent,SVM,-1,34,982
0.9689984814469996,0.7171717171717172,4,study_week,True,adherent,SVM,-1,34,982
0.9697905606549203,0.7272727272727273,4,study_week,True,adherent,SVM,-1,34,982
0.9717165839787889,0.7373737373737375,4,study_week,True,adherent,SVM,-1,34,982
0.9731778793146717,0.7474747474747475,4,study_week,True,adherent,SVM,-1,34,982
0.9749225050592973,0.7575757575757577,4,study_week,True,adherent,SVM,-1,34,982
0.9774331863279255,0.7676767676767677,4,study_week,True,adherent,SVM,-1,34,982
0.9798278646124217,0.7777777777777778,4,study_week,True,adherent,SVM,-1,34,982
0.9805365320427386,0.787878787878788,4,study_week,True,adherent,SVM,-1,34,982
0.9812408739796789,0.797979797979798,4,study_week,True,adherent,SVM,-1,34,982
0.9825635628661225,0.8080808080808082,4,study_week,True,adherent,SVM,-1,34,982
0.9825635628661225,0.8181818181818182,4,study_week,True,adherent,SVM,-1,34,982
0.9836519383703396,0.8282828282828284,4,study_week,True,adherent,SVM,-1,34,982
0.9844758777021698,0.8383838383838385,4,study_week,True,adherent,SVM,-1,34,982
0.9848882488361904,0.8484848484848485,4,study_week,True,adherent,SVM,-1,34,982
0.9871721694219687,0.8585858585858587,4,study_week,True,adherent,SVM,-1,34,982
0.9880862903128915,0.8686868686868687,4,study_week,True,adherent,SVM,-1,34,982
0.9880862903128915,0.8787878787878789,4,study_week,True,adherent,SVM,-1,34,982
0.9888412079099145,0.888888888888889,4,study_week,True,adherent,SVM,-1,34,982
0.9888412079099145,0.8989898989898991,4,study_week,True,adherent,SVM,-1,34,982
0.9903852106834578,0.9090909090909092,4,study_week,True,adherent,SVM,-1,34,982
0.9906669008243029,0.9191919191919192,4,study_week,True,adherent,SVM,-1,34,982
0.9923992061175543,0.9292929292929294,4,study_week,True,adherent,SVM,-1,34,982
0.9938093167600139,0.9393939393939394,4,study_week,True,adherent,SVM,-1,34,982
0.9942053563639743,0.9494949494949496,4,study_week,True,adherent,SVM,-1,34,982
0.9954591498804691,0.9595959595959597,4,study_week,True,adherent,SVM,-1,34,982
0.9967838086280376,0.9696969696969697,4,study_week,True,adherent,SVM,-1,34,982
0.997179848231998,0.9797979797979799,4,study_week,True,adherent,SVM,-1,34,982
0.9989941451349903,0.98989898989899,4,study_week,True,adherent,SVM,-1,34,982
1.0,1.0,4,study_week,True,adherent,SVM,-1,34,982
mean_tpr,mean_fpr,n_lags,featureset,optimized,target,method,run,n_features,n_samples
0.0,0.0,1,study_month,True,adherent,LogisticR,-1,10,241
0.17133429628814678,0.010101010101010102,1,study_month,True,adherent,LogisticR,-1,10,241
0.17801399389524197,0.020202020202020204,1,study_month,True,adherent,LogisticR,-1,10,241
0.18777061457926017,0.030303030303030304,1,study_month,True,adherent,LogisticR,-1,10,241
0.2488147009961097,0.04040404040404041,1,study_month,True,adherent,LogisticR,-1,10,241
0.2613521801491509,0.05050505050505051,1,study_month,True,adherent,LogisticR,-1,10,241
0.29340079069520414,0.06060606060606061,1,study_month,True,adherent,LogisticR,-1,10,241
0.3236615624554469,0.07070707070707072,1,study_month,True,adherent,LogisticR,-1,10,241
0.39099237674541415,0.08080808080808081,1,study_month,True,adherent,LogisticR,-1,10,241
0.4046102635553964,0.09090909090909091,1,study_month,True,adherent,LogisticR,-1,10,241
0.43362032622565844,0.10101010101010102,1,study_month,True,adherent,LogisticR,-1,10,241
0.46197626071458003,0.11111111111111112,1,study_month,True,adherent,LogisticR,-1,10,241
0.4921733398067652,0.12121212121212122,1,study_month,True,adherent,LogisticR,-1,10,241
0.50823406264352,0.13131313131313133,1,study_month,True,adherent,LogisticR,-1,10,241
0.5280007376509144,0.14141414141414144,1,study_month,True,adherent,LogisticR,-1,10,241
0.5650069788035148,0.15151515151515152,1,study_month,True,adherent,LogisticR,-1,10,241
0.5942884485306216,0.16161616161616163,1,study_month,True,adherent,LogisticR,-1,10,241
0.6125279831519428,0.17171717171717174,1,study_month,True,adherent,LogisticR,-1,10,241
0.6235057661456631,0.18181818181818182,1,study_month,True,adherent,LogisticR,-1,10,241
0.6350908892641647,0.19191919191919193,1,study_month,True,adherent,LogisticR,-1,10,241
0.6480736867512235,0.20202020202020204,1,study_month,True,adherent,LogisticR,-1,10,241
0.6500078908878985,0.21212121212121213,1,study_month,True,adherent,LogisticR,-1,10,241
0.6595510872456347,0.22222222222222224,1,study_month,True,adherent,LogisticR,-1,10,241
0.664696577251903,0.23232323232323235,1,study_month,True,adherent,LogisticR,-1,10,241
0.6758309966030224,0.24242424242424243,1,study_month,True,adherent,LogisticR,-1,10,241
0.6787533845189564,0.25252525252525254,1,study_month,True,adherent,LogisticR,-1,10,241
0.6949141746473083,0.26262626262626265,1,study_month,True,adherent,LogisticR,-1,10,241
0.719298619182223,0.27272727272727276,1,study_month,True,adherent,LogisticR,-1,10,241
0.7379548787475736,0.2828282828282829,1,study_month,True,adherent,LogisticR,-1,10,241
0.7465841414807616,0.29292929292929293,1,study_month,True,adherent,LogisticR,-1,10,241
0.7541916836692633,0.30303030303030304,1,study_month,True,adherent,LogisticR,-1,10,241
0.7557867830433596,0.31313131313131315,1,study_month,True,adherent,LogisticR,-1,10,241
0.7608529567976211,0.32323232323232326,1,study_month,True,adherent,LogisticR,-1,10,241
0.769371987292665,0.33333333333333337,1,study_month,True,adherent,LogisticR,-1,10,241
0.7708778449674718,0.3434343434343435,1,study_month,True,adherent,LogisticR,-1,10,241
0.775930560985375,0.3535353535353536,1,study_month,True,adherent,LogisticR,-1,10,241
0.7791301344416718,0.36363636363636365,1,study_month,True,adherent,LogisticR,-1,10,241
0.7818148700787829,0.37373737373737376,1,study_month,True,adherent,LogisticR,-1,10,241
0.7840121939193999,0.38383838383838387,1,study_month,True,adherent,LogisticR,-1,10,241
0.7901281112657249,0.393939393939394,1,study_month,True,adherent,LogisticR,-1,10,241
0.7905156860733623,0.4040404040404041,1,study_month,True,adherent,LogisticR,-1,10,241
0.7921646431768649,0.4141414141414142,1,study_month,True,adherent,LogisticR,-1,10,241
0.8017416971389456,0.42424242424242425,1,study_month,True,adherent,LogisticR,-1,10,241
0.8097514598377035,0.43434343434343436,1,study_month,True,adherent,LogisticR,-1,10,241
0.8163725627993443,0.4444444444444445,1,study_month,True,adherent,LogisticR,-1,10,241
0.822941726756068,0.4545454545454546,1,study_month,True,adherent,LogisticR,-1,10,241
0.8263157648509992,0.4646464646464647,1,study_month,True,adherent,LogisticR,-1,10,241
0.8277706110267385,0.4747474747474748,1,study_month,True,adherent,LogisticR,-1,10,241
0.8312823901685017,0.48484848484848486,1,study_month,True,adherent,LogisticR,-1,10,241
0.8321740285083061,0.494949494949495,1,study_month,True,adherent,LogisticR,-1,10,241
0.8476146155579785,0.5050505050505051,1,study_month,True,adherent,LogisticR,-1,10,241
0.8481920002501957,0.5151515151515152,1,study_month,True,adherent,LogisticR,-1,10,241
0.8498835569656759,0.5252525252525253,1,study_month,True,adherent,LogisticR,-1,10,241
0.8501793377399255,0.5353535353535354,1,study_month,True,adherent,LogisticR,-1,10,241
0.8634772174253649,0.5454545454545455,1,study_month,True,adherent,LogisticR,-1,10,241
0.8649862672537927,0.5555555555555556,1,study_month,True,adherent,LogisticR,-1,10,241
0.8666246274270482,0.5656565656565657,1,study_month,True,adherent,LogisticR,-1,10,241
0.8698357544180795,0.5757575757575758,1,study_month,True,adherent,LogisticR,-1,10,241
0.8748546693650784,0.5858585858585859,1,study_month,True,adherent,LogisticR,-1,10,241
0.878964862202544,0.595959595959596,1,study_month,True,adherent,LogisticR,-1,10,241
0.8790750550400095,0.6060606060606061,1,study_month,True,adherent,LogisticR,-1,10,241
0.8845852959021313,0.6161616161616162,1,study_month,True,adherent,LogisticR,-1,10,241
0.8862156010434084,0.6262626262626263,1,study_month,True,adherent,LogisticR,-1,10,241
0.890752310125572,0.6363636363636365,1,study_month,True,adherent,LogisticR,-1,10,241
0.893669971588688,0.6464646464646465,1,study_month,True,adherent,LogisticR,-1,10,241
0.8939209663851372,0.6565656565656566,1,study_month,True,adherent,LogisticR,-1,10,241
0.9044476076720669,0.6666666666666667,1,study_month,True,adherent,LogisticR,-1,10,241
0.9046986024685162,0.6767676767676768,1,study_month,True,adherent,LogisticR,-1,10,241
0.9049495972649656,0.686868686868687,1,study_month,True,adherent,LogisticR,-1,10,241
0.9079408472781593,0.696969696969697,1,study_month,True,adherent,LogisticR,-1,10,241
0.9080510401156248,0.7070707070707072,1,study_month,True,adherent,LogisticR,-1,10,241
0.9093687627969839,0.7171717171717172,1,study_month,True,adherent,LogisticR,-1,10,241
0.9185716442370194,0.7272727272727273,1,study_month,True,adherent,LogisticR,-1,10,241
0.919182602302523,0.7373737373737375,1,study_month,True,adherent,LogisticR,-1,10,241
0.9197935603680265,0.7474747474747475,1,study_month,True,adherent,LogisticR,-1,10,241
0.9274165327883435,0.7575757575757577,1,study_month,True,adherent,LogisticR,-1,10,241
0.9297666212886295,0.7676767676767677,1,study_month,True,adherent,LogisticR,-1,10,241
0.9303775793541331,0.7777777777777778,1,study_month,True,adherent,LogisticR,-1,10,241
0.9309885374196366,0.787878787878788,1,study_month,True,adherent,LogisticR,-1,10,241
0.9315486843434198,0.797979797979798,1,study_month,True,adherent,LogisticR,-1,10,241
0.9352892976138137,0.8080808080808082,1,study_month,True,adherent,LogisticR,-1,10,241
0.9373880278630143,0.8181818181818182,1,study_month,True,adherent,LogisticR,-1,10,241
0.940774114434054,0.8282828282828284,1,study_month,True,adherent,LogisticR,-1,10,241
0.9491738998730702,0.8383838383838385,1,study_month,True,adherent,LogisticR,-1,10,241
0.9496798211548537,0.8484848484848485,1,study_month,True,adherent,LogisticR,-1,10,241
0.9499807890919376,0.8585858585858587,1,study_month,True,adherent,LogisticR,-1,10,241
0.9518599187342253,0.8686868686868687,1,study_month,True,adherent,LogisticR,-1,10,241
0.9523104769479412,0.8787878787878789,1,study_month,True,adherent,LogisticR,-1,10,241
0.9616499240505463,0.888888888888889,1,study_month,True,adherent,LogisticR,-1,10,241
0.9629843206481009,0.8989898989898991,1,study_month,True,adherent,LogisticR,-1,10,241
0.9695260469141543,0.9090909090909092,1,study_month,True,adherent,LogisticR,-1,10,241
0.9697493324005977,0.9191919191919192,1,study_month,True,adherent,LogisticR,-1,10,241
0.9734508787566063,0.9292929292929294,1,study_month,True,adherent,LogisticR,-1,10,241
0.9760271054195202,0.9393939393939394,1,study_month,True,adherent,LogisticR,-1,10,241
0.9775003909059636,0.9494949494949496,1,study_month,True,adherent,LogisticR,-1,10,241
0.9887835575001351,0.9595959595959597,1,study_month,True,adherent,LogisticR,-1,10,241
0.9892243288499973,0.9696969696969697,1,study_month,True,adherent,LogisticR,-1,10,241
0.9896651001998596,0.9797979797979799,1,study_month,True,adherent,LogisticR,-1,10,241
0.9901058715497218,0.98989898989899,1,study_month,True,adherent,LogisticR,-1,10,241
1.0,1.0,1,study_month,True,adherent,LogisticR,-1,10,241
mean_tpr,mean_fpr,n_lags,featureset,optimized,target,method,run,n_features,n_samples
0.0,0.0,1,study_month,True,adherent,RF,-1,10,241
0.12764493198720037,0.010101010101010102,1,study_month,True,adherent,RF,-1,10,241
0.14449086963403593,0.020202020202020204,1,study_month,True,adherent,RF,-1,10,241
0.16448625043031462,0.030303030303030304,1,study_month,True,adherent,RF,-1,10,241
0.2849401317095815,0.04040404040404041,1,study_month,True,adherent,RF,-1,10,241
0.323965420597033,0.05050505050505051,1,study_month,True,adherent,RF,-1,10,241
0.3525927548036145,0.06060606060606061,1,study_month,True,adherent,RF,-1,10,241
0.36997597581865216,0.07070707070707072,1,study_month,True,adherent,RF,-1,10,241
0.4113062684357574,0.08080808080808081,1,study_month,True,adherent,RF,-1,10,241
0.42269183479138567,0.09090909090909091,1,study_month,True,adherent,RF,-1,10,241
0.46413439937777495,0.10101010101010102,1,study_month,True,adherent,RF,-1,10,241
0.5073437350294583,0.11111111111111112,1,study_month,True,adherent,RF,-1,10,241
0.5342797148746773,0.12121212121212122,1,study_month,True,adherent,RF,-1,10,241
0.5615700226230703,0.13131313131313133,1,study_month,True,adherent,RF,-1,10,241
0.573511823529687,0.14141414141414144,1,study_month,True,adherent,RF,-1,10,241
0.6019701994682717,0.15151515151515152,1,study_month,True,adherent,RF,-1,10,241
0.6103679961687941,0.16161616161616163,1,study_month,True,adherent,RF,-1,10,241
0.6228441418294292,0.17171717171717174,1,study_month,True,adherent,RF,-1,10,241
0.6369486196246659,0.18181818181818182,1,study_month,True,adherent,RF,-1,10,241
0.6482426574847417,0.19191919191919193,1,study_month,True,adherent,RF,-1,10,241
0.6746980999449345,0.20202020202020204,1,study_month,True,adherent,RF,-1,10,241
0.6802775574266482,0.21212121212121213,1,study_month,True,adherent,RF,-1,10,241
0.6961957900308359,0.22222222222222224,1,study_month,True,adherent,RF,-1,10,241
0.7034817846414664,0.23232323232323235,1,study_month,True,adherent,RF,-1,10,241
0.7207930488683708,0.24242424242424243,1,study_month,True,adherent,RF,-1,10,241
0.7560866697482025,0.25252525252525254,1,study_month,True,adherent,RF,-1,10,241
0.7634645515278875,0.26262626262626265,1,study_month,True,adherent,RF,-1,10,241
0.7782522349002825,0.27272727272727276,1,study_month,True,adherent,RF,-1,10,241
0.7957232487755358,0.2828282828282829,1,study_month,True,adherent,RF,-1,10,241
0.8002075043453146,0.29292929292929293,1,study_month,True,adherent,RF,-1,10,241
0.8061013296091845,0.30303030303030304,1,study_month,True,adherent,RF,-1,10,241
0.8106388633218597,0.31313131313131315,1,study_month,True,adherent,RF,-1,10,241
0.8225173177520618,0.32323232323232326,1,study_month,True,adherent,RF,-1,10,241
0.8323059089819772,0.33333333333333337,1,study_month,True,adherent,RF,-1,10,241
0.839904739562533,0.3434343434343435,1,study_month,True,adherent,RF,-1,10,241
0.8451551116817774,0.3535353535353536,1,study_month,True,adherent,RF,-1,10,241
0.848267676409296,0.36363636363636365,1,study_month,True,adherent,RF,-1,10,241
0.8491092775325179,0.37373737373737376,1,study_month,True,adherent,RF,-1,10,241
0.8521615436581663,0.38383838383838387,1,study_month,True,adherent,RF,-1,10,241
0.8571824769226768,0.393939393939394,1,study_month,True,adherent,RF,-1,10,241
0.8601388224413775,0.4040404040404041,1,study_month,True,adherent,RF,-1,10,241
0.8707708798876641,0.4141414141414142,1,study_month,True,adherent,RF,-1,10,241
0.8732129241385901,0.42424242424242425,1,study_month,True,adherent,RF,-1,10,241
0.8781061403425174,0.43434343434343436,1,study_month,True,adherent,RF,-1,10,241
0.8843065042466128,0.4444444444444445,1,study_month,True,adherent,RF,-1,10,241
0.8850996171159871,0.4545454545454546,1,study_month,True,adherent,RF,-1,10,241
0.8862101903028217,0.4646464646464647,1,study_month,True,adherent,RF,-1,10,241
0.887320763489656,0.4747474747474748,1,study_month,True,adherent,RF,-1,10,241
0.8879314764137846,0.48484848484848486,1,study_month,True,adherent,RF,-1,10,241
0.8883915392267885,0.494949494949495,1,study_month,True,adherent,RF,-1,10,241
0.8898715706332904,0.5050505050505051,1,study_month,True,adherent,RF,-1,10,241
0.8898715706332904,0.5151515151515152,1,study_month,True,adherent,RF,-1,10,241
0.8915695198221488,0.5252525252525253,1,study_month,True,adherent,RF,-1,10,241
0.8918511237401163,0.5353535353535354,1,study_month,True,adherent,RF,-1,10,241
0.8946724101977666,0.5454545454545455,1,study_month,True,adherent,RF,-1,10,241
0.8949540141157342,0.5555555555555556,1,study_month,True,adherent,RF,-1,10,241
0.8952233743850943,0.5656565656565657,1,study_month,True,adherent,RF,-1,10,241
0.8952233743850943,0.5757575757575758,1,study_month,True,adherent,RF,-1,10,241
0.8952233743850943,0.5858585858585859,1,study_month,True,adherent,RF,-1,10,241
0.8955380997384669,0.595959595959596,1,study_month,True,adherent,RF,-1,10,241
0.896073692612224,0.6060606060606061,1,study_month,True,adherent,RF,-1,10,241
0.8988769622536579,0.6161616161616162,1,study_month,True,adherent,RF,-1,10,241
0.8995034642183242,0.6262626262626263,1,study_month,True,adherent,RF,-1,10,241
0.9001299661829902,0.6363636363636365,1,study_month,True,adherent,RF,-1,10,241
0.9007949481861367,0.6464646464646465,1,study_month,True,adherent,RF,-1,10,241
0.9040758731688621,0.6565656565656566,1,study_month,True,adherent,RF,-1,10,241
0.9074446643357106,0.6666666666666667,1,study_month,True,adherent,RF,-1,10,241
0.9089255995676446,0.6767676767676768,1,study_month,True,adherent,RF,-1,10,241
0.910813328441666,0.686868686868687,1,study_month,True,adherent,RF,-1,10,241
0.9126008060122274,0.696969696969697,1,study_month,True,adherent,RF,-1,10,241
0.9141434106106433,0.7070707070707072,1,study_month,True,adherent,RF,-1,10,241
0.9157914595156734,0.7171717171717172,1,study_month,True,adherent,RF,-1,10,241
0.9177031191872378,0.7272727272727273,1,study_month,True,adherent,RF,-1,10,241
0.9198687471127707,0.7373737373737375,1,study_month,True,adherent,RF,-1,10,241
0.9232464962504245,0.7474747474747475,1,study_month,True,adherent,RF,-1,10,241
0.927230305994139,0.7575757575757577,1,study_month,True,adherent,RF,-1,10,241
0.9293959339196719,0.7676767676767677,1,study_month,True,adherent,RF,-1,10,241
0.9313889457902359,0.7777777777777778,1,study_month,True,adherent,RF,-1,10,241
0.9329981802181986,0.787878787878788,1,study_month,True,adherent,RF,-1,10,241
0.9347910693752707,0.797979797979798,1,study_month,True,adherent,RF,-1,10,241
0.9378432666974228,0.8080808080808082,1,study_month,True,adherent,RF,-1,10,241
0.9411613044431845,0.8181818181818182,1,study_month,True,adherent,RF,-1,10,241
0.9437282099566409,0.8282828282828284,1,study_month,True,adherent,RF,-1,10,241
0.945567166057656,0.8383838383838385,1,study_month,True,adherent,RF,-1,10,241
0.9474417727825568,0.8484848484848485,1,study_month,True,adherent,RF,-1,10,241
0.9491808628502016,0.8585858585858587,1,study_month,True,adherent,RF,-1,10,241
0.950852194589219,0.8686868686868687,1,study_month,True,adherent,RF,-1,10,241
0.9525235263282361,0.8787878787878789,1,study_month,True,adherent,RF,-1,10,241
0.9546350083624761,0.888888888888889,1,study_month,True,adherent,RF,-1,10,241
0.9571787518193154,0.8989898989898991,1,study_month,True,adherent,RF,-1,10,241
0.959448205537813,0.9090909090909092,1,study_month,True,adherent,RF,-1,10,241
0.9669327333483898,0.9191919191919192,1,study_month,True,adherent,RF,-1,10,241
0.9691831013793525,0.9292929292929294,1,study_month,True,adherent,RF,-1,10,241
0.9714334694103149,0.9393939393939394,1,study_month,True,adherent,RF,-1,10,241
0.9774933612508014,0.9494949494949496,1,study_month,True,adherent,RF,-1,10,241
0.9863784980217959,0.9595959595959597,1,study_month,True,adherent,RF,-1,10,241
0.9891529979262157,0.9696969696969697,1,study_month,True,adherent,RF,-1,10,241
0.9917336968635544,0.9797979797979799,1,study_month,True,adherent,RF,-1,10,241
0.9941348222879863,0.98989898989899,1,study_month,True,adherent,RF,-1,10,241
1.0,1.0,1,study_month,True,adherent,RF,-1,10,241
mean_tpr,mean_fpr,n_lags,featureset,optimized,target,method,run,n_features,n_samples
0.0,0.0,1,study_month,True,adherent,SVM,-1,10,241
0.06362348312612594,0.010101010101010102,1,study_month,True,adherent,SVM,-1,10,241
0.0663366530551453,0.020202020202020204,1,study_month,True,adherent,SVM,-1,10,241
0.09127204520638685,0.030303030303030304,1,study_month,True,adherent,SVM,-1,10,241
0.18946975232808935,0.04040404040404041,1,study_month,True,adherent,SVM,-1,10,241
0.22394297318019535,0.05050505050505051,1,study_month,True,adherent,SVM,-1,10,241
0.23644327438401244,0.06060606060606061,1,study_month,True,adherent,SVM,-1,10,241
0.27453836731852393,0.07070707070707072,1,study_month,True,adherent,SVM,-1,10,241
0.32181130525826085,0.08080808080808081,1,study_month,True,adherent,SVM,-1,10,241
0.341871868877648,0.09090909090909091,1,study_month,True,adherent,SVM,-1,10,241
0.3791264566598573,0.10101010101010102,1,study_month,True,adherent,SVM,-1,10,241
0.4339479793400756,0.11111111111111112,1,study_month,True,adherent,SVM,-1,10,241
0.43647762360885034,0.12121212121212122,1,study_month,True,adherent,SVM,-1,10,241
0.4462356501214408,0.13131313131313133,1,study_month,True,adherent,SVM,-1,10,241
0.468544452430243,0.14141414141414144,1,study_month,True,adherent,SVM,-1,10,241
0.5079493486816633,0.15151515151515152,1,study_month,True,adherent,SVM,-1,10,241
0.5344403456074429,0.16161616161616163,1,study_month,True,adherent,SVM,-1,10,241
0.5385208565997186,0.17171717171717174,1,study_month,True,adherent,SVM,-1,10,241
0.5659465420254041,0.18181818181818182,1,study_month,True,adherent,SVM,-1,10,241
0.5873227424179785,0.19191919191919193,1,study_month,True,adherent,SVM,-1,10,241
0.5997492999849071,0.20202020202020204,1,study_month,True,adherent,SVM,-1,10,241
0.6031342607032012,0.21212121212121213,1,study_month,True,adherent,SVM,-1,10,241
0.6180538064017324,0.22222222222222224,1,study_month,True,adherent,SVM,-1,10,241
0.6329577749321377,0.23232323232323235,1,study_month,True,adherent,SVM,-1,10,241
0.6504344666247713,0.24242424242424243,1,study_month,True,adherent,SVM,-1,10,241
0.6806303601685352,0.25252525252525254,1,study_month,True,adherent,SVM,-1,10,241
0.6817696098077848,0.26262626262626265,1,study_month,True,adherent,SVM,-1,10,241
0.7009088594470343,0.27272727272727276,1,study_month,True,adherent,SVM,-1,10,241
0.705831298119473,0.2828282828282829,1,study_month,True,adherent,SVM,-1,10,241
0.71024536358617,0.29292929292929293,1,study_month,True,adherent,SVM,-1,10,241
0.7123885344249931,0.30303030303030304,1,study_month,True,adherent,SVM,-1,10,241
0.7164289384653972,0.31313131313131315,1,study_month,True,adherent,SVM,-1,10,241
0.7265472645837232,0.32323232323232326,1,study_month,True,adherent,SVM,-1,10,241
0.7303065681456584,0.33333333333333337,1,study_month,True,adherent,SVM,-1,10,241
0.7307106085496988,0.3434343434343435,1,study_month,True,adherent,SVM,-1,10,241
0.73733442244624,0.3535353535353536,1,study_month,True,adherent,SVM,-1,10,241
0.7452581620063432,0.36363636363636365,1,study_month,True,adherent,SVM,-1,10,241
0.7459438063283512,0.37373737373737376,1,study_month,True,adherent,SVM,-1,10,241
0.7568686851001197,0.38383838383838387,1,study_month,True,adherent,SVM,-1,10,241
0.7660035948032113,0.393939393939394,1,study_month,True,adherent,SVM,-1,10,241
0.7664076352072517,0.4040404040404041,1,study_month,True,adherent,SVM,-1,10,241
0.7679545327541493,0.4141414141414142,1,study_month,True,adherent,SVM,-1,10,241
0.7730644555111309,0.42424242424242425,1,study_month,True,adherent,SVM,-1,10,241
0.7734684959151713,0.43434343434343436,1,study_month,True,adherent,SVM,-1,10,241
0.7775088999555753,0.4444444444444445,1,study_month,True,adherent,SVM,-1,10,241
0.7790557975024729,0.4545454545454546,1,study_month,True,adherent,SVM,-1,10,241
0.781278019724695,0.4646464646464647,1,study_month,True,adherent,SVM,-1,10,241
0.7816820601287354,0.4747474747474748,1,study_month,True,adherent,SVM,-1,10,241
0.7907789789739381,0.48484848484848486,1,study_month,True,adherent,SVM,-1,10,241
0.7911830193779785,0.494949494949495,1,study_month,True,adherent,SVM,-1,10,241
0.8031127286702638,0.5050505050505051,1,study_month,True,adherent,SVM,-1,10,241
0.8035167690743044,0.5151515151515152,1,study_month,True,adherent,SVM,-1,10,241
0.805132930690466,0.5252525252525253,1,study_month,True,adherent,SVM,-1,10,241
0.8055369710945063,0.5353535353535354,1,study_month,True,adherent,SVM,-1,10,241
0.8114965670541022,0.5454545454545455,1,study_month,True,adherent,SVM,-1,10,241
0.8134638258489472,0.5555555555555556,1,study_month,True,adherent,SVM,-1,10,241
0.8155815548632279,0.5656565656565657,1,study_month,True,adherent,SVM,-1,10,241
0.818425236690576,0.5757575757575758,1,study_month,True,adherent,SVM,-1,10,241
0.820981837178211,0.5858585858585859,1,study_month,True,adherent,SVM,-1,10,241
0.8243869225143308,0.595959595959596,1,study_month,True,adherent,SVM,-1,10,241
0.825125341183784,0.6060606060606061,1,study_month,True,adherent,SVM,-1,10,241
0.8337659965054737,0.6161616161616162,1,study_month,True,adherent,SVM,-1,10,241
0.843171174912467,0.6262626262626263,1,study_month,True,adherent,SVM,-1,10,241
0.8453381650104916,0.6363636363636365,1,study_month,True,adherent,SVM,-1,10,241
0.8484295248564153,0.6464646464646465,1,study_month,True,adherent,SVM,-1,10,241
0.8503800647379895,0.6565656565656566,1,study_month,True,adherent,SVM,-1,10,241
0.8582842588085122,0.6666666666666667,1,study_month,True,adherent,SVM,-1,10,241
0.8590226774779655,0.6767676767676768,1,study_month,True,adherent,SVM,-1,10,241
0.864205540591863,0.686868686868687,1,study_month,True,adherent,SVM,-1,10,241
0.869081890295799,0.696969696969697,1,study_month,True,adherent,SVM,-1,10,241
0.871559439400035,0.7070707070707072,1,study_month,True,adherent,SVM,-1,10,241
0.87571603988767,0.7171717171717172,1,study_month,True,adherent,SVM,-1,10,241
0.876454458557123,0.7272727272727273,1,study_month,True,adherent,SVM,-1,10,241
0.8771928772265761,0.7373737373737375,1,study_month,True,adherent,SVM,-1,10,241
0.8779312958960293,0.7474747474747475,1,study_month,True,adherent,SVM,-1,10,241
0.8875883123076097,0.7575757575757577,1,study_month,True,adherent,SVM,-1,10,241
0.8900658614118454,0.7676767676767677,1,study_month,True,adherent,SVM,-1,10,241
0.8942825409508637,0.7777777777777778,1,study_month,True,adherent,SVM,-1,10,241
0.8950209596203167,0.787878787878788,1,study_month,True,adherent,SVM,-1,10,241
0.8957593782897699,0.797979797979798,1,study_month,True,adherent,SVM,-1,10,241
0.8962302943468928,0.8080808080808082,1,study_month,True,adherent,SVM,-1,10,241
0.9029267900270547,0.8181818181818182,1,study_month,True,adherent,SVM,-1,10,241
0.9044419415422063,0.8282828282828284,1,study_month,True,adherent,SVM,-1,10,241
0.9227923574661516,0.8383838383838385,1,study_month,True,adherent,SVM,-1,10,241
0.9231963978701918,0.8484848484848485,1,study_month,True,adherent,SVM,-1,10,241
0.9296566716959831,0.8585858585858587,1,study_month,True,adherent,SVM,-1,10,241
0.9300607121000235,0.8686868686868687,1,study_month,True,adherent,SVM,-1,10,241
0.9320093521050896,0.8787878787878789,1,study_month,True,adherent,SVM,-1,10,241
0.9379136876685162,0.888888888888889,1,study_month,True,adherent,SVM,-1,10,241
0.9425680232319427,0.8989898989898991,1,study_month,True,adherent,SVM,-1,10,241
0.9560774117883529,0.9090909090909092,1,study_month,True,adherent,SVM,-1,10,241
0.9573661613529647,0.9191919191919192,1,study_month,True,adherent,SVM,-1,10,241
0.9591507786861713,0.9292929292929294,1,study_month,True,adherent,SVM,-1,10,241
0.9632883371958486,0.9393939393939394,1,study_month,True,adherent,SVM,-1,10,241
0.9650729545290554,0.9494949494949496,1,study_month,True,adherent,SVM,-1,10,241
0.9762480281492699,0.9595959595959597,1,study_month,True,adherent,SVM,-1,10,241
0.9806042384738596,0.9696969696969697,1,study_month,True,adherent,SVM,-1,10,241
0.9821102072525558,0.9797979797979799,1,study_month,True,adherent,SVM,-1,10,241
0.9836161760312517,0.98989898989899,1,study_month,True,adherent,SVM,-1,10,241
1.0,1.0,1,study_month,True,adherent,SVM,-1,10,241
